88322,106192.1,VILLAGE,15,"1-Sirpur Town(12)-Town,2-Loanvelly (4)-Sirpur_t,3-Dhorpally (3)-Sirpur_t,4-Muthampet(5)-Kouthala,5-Gudlabori (3)-Kouthala,6-Gurudpet (2)-Kouthala,7-Babapur (2)-Kouthala,8-Bejjur(5)-Bejjur,9-Chintalamannepally  (3)-Kouthala,10-Babasagar (4)-Kouthala,11-Dabba (3)-Sirpur_t,12-Rudrapur(3)-Bejjur,13-Munjampalle(3)-Bejjur,14-Marthadi(3)-Bejjur,15-Outsarangapalle(5)-Bejjur,16-Yellur(3)-Bejjur,17-Dahegaon (3)-Dahegaon,18-Chedvai (3)-Dahegaon,19-Mosam(3)-Kagaznagar,20-Nazrulnagar (12)-Kagaznagar,21-Chintaguda(4)-Kagaznagar,22-Bhatpalle (4)-Kagaznagar,Other",1,22,"0,0,0,0,0,0,0,0,0,0,0,0,0,0,0,0,0,0,0,0,0,0,0",NULL,NULL,Y
88323,106192.2,VILLAGE,15,"1-Chennur(25)-Town,2-Shetpally (3)-Jaipur,3-Parpally (2)-Kotapalle,4-Jangaon (2)-Kotapalle,5-Annaram (2)-Kotapalle,6-Dugnepalle (3)-Chennur,7-Kommera (3)-Chennur,8-Asnad (3)-Chennur,9-Ponnaram (3)-Mandamarri,10-Somanpally (2)-Chennur,11-Kistapur (1)-Jaipur,12-Kundaram (3)-Jaipur,13-Tekumatla (3)-Jaipur,14-Indaram (9)-Jaipur,15-Andugulapet (2)-Mandamarri,16-Burugupally (2)-Jaipur,17-Thimmapur (5)-Mandamarri,18-Sarangapalle (2)-Mandamarri,19-Ramraopet (3)-Jaipur,20-Vellal (2)-Jaipur,21-Mittapally (3)-Jaipur,22-Jaipur (3)-Jaipur,23-Bheemaram (6)-Jaipur,24-Maddikal (2)-Jaipur,25-Suddal (3)-Chennur,Other",1,25,"0,0,0,0,0,0,0,0,0,0,0,0,0,0,0,0,0,0,0,0,0,0,0,0,0,0",NULL,NULL,Y
88324,106192.3,VILLAGE,15,"1-Devapur(10)-Kasipet,2-Dharmaraopet (3)-Kasipet,3-Boyapally(2)-Tandur,4-Madaram (9)-Tandur,5-Kistempet (4)-Tandur,6-Kasipet (6)-Kasipet,7-Tandur (11)-Tandur,8-Chakarpally(3)-Bellampalle,9-Bheemini(2)-Bheemini,10-Jankapur(2)-Bheemini,11-Chandravelly(2)-Bellampalle,12-Budhakalan(3)-Bellampalle,13-Perkapally(2)-Bellampalle,14-Batwanpally(3)-Bellampalle,15-Akenapally(10)-Bellampalle,16-Metpalle (2)-Nennal,17-Chittapur (2)-Nennal,18-Nennel (4)-Nennal,19-Jajjervelly(2)-Bheemini,20-Veegaon(2)-Bheemini,21-Kannepally(3)-Bheemini,22-Vemanpally(3)-Vemanpalle,23-Kyathanpally (2)-Vemanpalle,24-Mulkalpet (2)-Vemanpalle,Other",1,24,"0,0,0,0,0,0,0,0,0,0,0,0,0,0,0,0,0,0,0,0,0,0,0,0,0",NULL,NULL,Y
88325,106192.4,VILLAGE,15,"1-Mancherial Municipality(90)-Town,2-Naspur Census Town(32)-Town,3-Singapur Census Town(21)-Town,4-Teegalpahad Census Town(13)-Town,5-Thallapalle Census Town(10)-Town,6-Thimmapur(2)-Luxettipet,7-Mulkalla (3)-Mancherial,8-Rapally (2)-Mancherial,9-Subbapalle (4)-Mancherial,10-Karnamamidi(2)-Mancherial,11-Donabanda(4)-Mancherial,12-Peddampet (2)-Mancherial,13-Gullakota (3)-Luxettipet,14-Luxettipet (12)-Luxettipet,15-Itkyal (4)-Luxettipet,16-Jenda Venkatapur (3)-Luxettipet,17-Dowdepally(3)-Luxettipet,18-Modela (3)-Luxettipet,19-Velganur (3)-Dandepalle,20-Chintapally (2)-Dandepalle,21-Venkatapur (3)-Dandepalle,22-Medaripet (3)-Dandepalle,23-Lingapur (2)-Dandepalle,24-Dandepalle (5)-Dandepalle,25-Tallapet (3)-Dandepalle,Other",1,25,"0,0,0,0,0,0,0,0,0,0,0,0,0,0,0,0,0,0,0,0,0,0,0,0,0,0",NULL,NULL,Y
88326,106192.5,VILLAGE,15,"1-ASIFABAD(24)-Town,2-Jankapur(5)-Asifabad,3-Khamana (3)-Wankdi,4-Bambara (3)-Wankdi,5-Wankidikalan(5)-Wankdi,6-Indhani (3)-Wankdi,7-Ada(2)-Asifabad,8-Kerameri (5)-Kerameri,9-Gudamamda (3)-Jainoor,10-Patnapur (2)-Jainoor,11-Ashapally (3)-Jainoor,12-Tadihadapanoor (4)-Narnoor,13-Narnoor (4)-Narnoor,14-Ushegaon (5)-Jainoor,15-Jainoor (5)-Jainoor,16-Chirrakunta(3)-Asifabad,17-Pangidimadra (2)-Tiryani,18-Mangi (3)-Tiryani,19-Tiryani(3)-Tiryani,20-Golleti(10)-Rebbana,21-Rebbana (5)-Rebbana,22-Nambal(3)-Rebbana,23-Gangapur (3)-Rebbana,24-Buruguda(3)-Asifabad,25-Ankusapur(2)-Asifabad,Other",1,25,"0,0,0,0,0,0,0,0,0,0,0,0,0,0,0,0,0,0,0,0,0,0,0,0,0,0",NULL,NULL,Y
88327,106192.6,VILLAGE,15,"1-KHANAPUR(2)-Town,2-Thimmapur (18)-Khanpur,3-Ponkal(9)-Jannaram,4-Pembi (3)-Khanpur,5-Maddipadaga (3)-Kaddampeddur,6-Peddur (5)-Kaddampeddur,7-Bellal (4)-Kaddampeddur,8-Dasturabad (6)-Kaddampeddur,9-Chintaguda (4)-Jannaram,10-Singaraipet (3)-Jannaram,11-Jannaram (3)-Jannaram,12-Kamanpally (3)-Jannaram,13-Kawal (4)-Jannaram,14-Indhanpally (3)-Jannaram,15-Danthanpally (4)-Utnur,16-Utnur(17)-Utnur,17-Lakkaram (4)-Utnur,18-Hasnapur (5)-Utnur,19-Nagapur (3)-Utnur,20-Indervelly (9)-Inderavelly,21-Pochampally (3)-Inderavelly,22-Dasnapur (3)-Inderavelly,23-Mendapally (3)-Khanpur,24-Lingapur (3)-Kaddampeddur,25-Kistapur (5)-Jannaram,Other",1,25,"0,0,0,0,0,0,0,0,0,0,0,0,0,0,0,0,0,0,0,0,0,0,0,0,0,0",NULL,NULL,Y
88328,106192.7,VILLAGE,15,"1-Adilabad Municipality(118)-Town,2-Anukunta(2)-Adilabad,3-Waghapur(2)-Adilabad,4-Mavala(5)-Adilabad,5-Battisavergaon(2)-Adilabad,6-Bheemsar(3)-Adilabad,7-Chanda(3)-Adilabad,8-Jamdapur(2)-Adilabad,9-Gimma (3)-Jainad,10-Pendalwada (2)-Jainad,11-Nirala (2)-Jainad,12-Landasangivi(2)-Adilabad,13-Jainath (5)-Jainad,14-Deepaiguda (3)-Jainad,15-Kowta (2)-Jainad,16-Kura (2)-Jainad,17-Sangdi(3)-Bela,18-Sirsanna(2)-Bela,19-Chaprala(2)-Bela,20-Bela(5)-Bela,21-Jamini (2)-Jainad,22-Kanpa (2)-Jainad,23-Wanwat(2)-Adilabad,24-Pippaldhari(2)-Adilabad,25-Ankoli(3)-Adilabad,Other",1,25,"0,0,0,0,0,0,0,0,0,0,0,0,0,0,0,0,0,0,0,0,0,0,0,0,0,0",NULL,NULL,Y
88329,106192.8,VILLAGE,15,"1-BOATH(12)-Town,2-Dhannur-b(4)-Boath,3-Neredigonda (4)-Neradigonda,4-Pochera(3)-Boath,5-Sonala(6)-Boath,6-Bazarhathnoor(4)-Bazarhathnoor,7-Bhutai-b(3)-Bazarhathnoor,8-Ichoda (10)-Ichoda,9-Gundala (3)-Ichoda,10-Sirikonda (3)-Ichoda,11-Mannur (5)-Gudihathnur,12-Umri B (3)-Gudihathnur,13-Tosham (4)-Gudihathnur,14-Gudihathnur (5)-Gudihathnur,15-Bharampur (3)-Talamadugu,16-Jhari (3)-Talamadugu,17-Talamadugu (3)-Talamadugu,18-Devapur (3)-Talamadugu,19-Kajjarla (3)-Talamadugu,20-Ponnari (3)-Tamsi,21-Waddadi(2)-Tamsi,22-Khapperla(4)-Tamsi,23-Arli-t (3)-Tamsi,24-Kouta(4)-Boath,25-Tamsi-b (4)-Tamsi,Other",1,25,"0,0,0,0,0,0,0,0,0,0,0,0,0,0,0,0,0,0,0,0,0,0,0,0,0,0",NULL,NULL,Y
88330,106192.9,VILLAGE,15,"1-Nirmal Municipality(89)-Town,2-Chincholi B (4)-Sarangapur,3-Jam (5)-Sarangapur,4-Sarangapur (4)-Sarangapur,5-Beervelli(3)-Sarangapur,6-Kalva (4)-Dilawarpur,7-Dilawarpur (7)-Dilawarpur,8-Gundampalle(3)-Dilawarpur,9-Narsapur-g (6)-Dilawarpur,10-Laxmanchanda (6)-Laxmanchanda,11-Manjulapur (4)-Nirmal,12-Parimandal (3)-Mamda,13-Waddyal (6)-Laxmanchanda,14-New Velmal (3)-Laxmanchanda,15-Pakpatla (4)-Nirmal,16-Madhapur (3)-Nirmal,17-Soan (5)-Nirmal,18-Parpelly (3)-Laxmanchanda,19-Ponkal (5)-Mamda,20-Mamda (5)-Mamda,21-Koratikal (4)-Mamda,Other",1,21,"0,0,0,0,0,0,0,0,0,0,0,0,0,0,0,0,0,0,0,0,0,0",NULL,NULL,Y
88331,106192.10,VILLAGE,15,"1-Mudhole(14)-Town,2-Basar (6)-Mudhole,3-Ashta (3)-Mudhole,4-Tanoor (4)-Tanur,5-Edbid (4)-Mudhole,6-Elvi (2)-Tanur,7-Boregaou (2)-Mudhole,8-Elegaon(2)-Bhainsa,9-Walegaon(2)-Bhainsa,10-Puspur (4)-Lokeswaram,11-Lokeshwaram (4)-Lokeswaram,12-Pipree (2)-Lokeswaram,13-Gadchandha (3)-Lokeswaram,14-Rajura (4)-Lokeswaram,15-Kallur (3)-Kuntala,16-Ambakanti (3)-Kuntala,17-Gulmadugu (5)-Kuntala,18-Kuntala (5)-Kuntala,19-Limba.k (3)-Kuntala,20-Mahagaon(3)-Bhainsa,21-Kubeer (7)-Kubeer,22-Pardi B (3)-Kubeer,23-Belgaon(2)-Kubeer,24-Dodarna (3)-Kubeer,25-Palsi (4)-Kubeer,Other",1,25,"0,0,0,0,0,0,0,0,0,0,0,0,0,0,0,0,0,0,0,0,0,0,0,0,0,0",NULL,NULL,Y
88332,106192.11,VILLAGE,15,"1-Armur Municipality(65)-Town,2-Mamidipally(11)-Armur,3-Govindpet(4)-Armur,4-Perkit(10)-Armur,5-Pipri(7)-Armur,6-Macherla(4)-Armur,7-Noothpally(4)-Nandipet,8-Donkeshwar (4)-Nandipet,9-Nandipet (12)-Nandipet,10-Talveda (4)-Nandipet,11-Alipur (4)-Nandipet,12-Gunjili (4)-Makloor,13-Velmal (11)-Nandipet,14-Kalledi (6)-Makloor,15-Aloor(7)-Armur,16-Ankapoor(6)-Armur,17-Gutpa (7)-Makloor,18-Makloor (6)-Makloor,19-Manikbandar (7)-Makloor,20-Amrad (5)-Makloor,Other",1,20,"0,0,0,0,0,0,0,0,0,0,0,0,0,0,0,0,0,0,0,0,0",NULL,NULL,Y
88333,106192.12,VILLAGE,15,"1-Bodhan(78)-Town,2-Sangam(3)-Bodhan,3-Pentakurd(4)-Bodhan,4-Salampad(3)-Bodhan,5-Saloora(6)-Bodhan,6-Kaldurki(3)-Bodhan,7-Kandakurthi (5)-Ranjal,8-Neela (9)-Ranjal,9-Renjal (10)-Ranjal,10-Pegadapally(4)-Bodhan,11-Yedpally (15)-Yeda_palle,12-Erajpally(3)-Bodhan,13-Amdapur(3)-Bodhan,14-Ootpally(5)-Bodhan,15-Bodhan Rural(5)-Bodhan,16-Kurnapally (4)-Yeda_palle,17-Dupally (4)-Ranjal,18-Kalyapur (3)-Ranjal,19-Navipet (12)-Navipet,20-Nagepur (3)-Navipet,21-Pothangal (3)-Navipet,22-Jannepalli (4)-Navipet,23-Binola (4)-Navipet,24-Naleshwar (4)-Navipet,25-Janakampet (11)-Yeda_palle,Other",1,25,"0,0,0,0,0,0,0,0,0,0,0,0,0,0,0,0,0,0,0,0,0,0,0,0,0,0",NULL,NULL,Y
88334,106192.13,VILLAGE,15,"1-Bichkunda(13)-Town,2-Limboor(3)-Madnur,3-Lachan(2)-Madnur,4-Nagalgaon (3)-Jukkal,5-Jukkal(6)-Jukkal,6-Pedda Edgi (5)-Jukkal,7-Hangarga(3)-Jukkal,8-Madnur(3)-Madnur,9-Mogha(3)-Madnur,10-Dongli(4)-Madnur,11-Hasgul(4)-Bichkunda,12-Pulkal (4)-Bichkunda,13-Wajidnagar(4)-Bichkunda ,14-Maqdumpur(6)-Nizamsagar,15-Komalancha(3)-Nizamsagar,16-Gunkul(3)-Nizamsagar,17-Hasanpalli(3)-Nizamsagar,18-Achampet(5)-Nizamsagar,19-Mallur(4)-Nizamsagar,20-Kishtapur-m(3)-Pitlam,21-Pitlam(11)-Town,22-Thimmanagar(3)-Pitlam,23-Karegaon(3)-Pitlam,24-Anjani(4)-Bichkunda,Other",1,24,"0,0,0,0,0,0,0,0,0,0,0,0,0,0,0,0,0,0,0,0,0,0,0,0,0",NULL,NULL,Y
88335,106192.14,VILLAGE,15,"1-Banswada Census Town(29)-Town,2-Budmi(3)-Banswada,3-Tadkole(9)-Banswada,4-Someshwar(3)-Banswada,5-Durki(5)-Birkoor,6-Ankole(3)-Birkoor,7-Mirzapur(3)-Birkoor,8-Thimmapur(3)-Birkoor,9-Varni (9)-Varni,10-Taglepalli (4)-Varni,11-Eklaspur(4)-Kotgiri,12-Pothangal (8)-Kotgiri,13-Tirmalapur(8)-Banswada,14-Ethonda (5)-Kotgiri,15-Yadgarpur (3)-Kotgiri,16-Raikur (4)-Kotgiri,17-Rudrur (12)-Varni,18-Ambam (3)-Varni,19-Mosra (10)-Varni,20-Govoor (4)-Varni,21-Chandur (11)-Varni,22-Jakora (6)-Varni,23-Hanmajipet(6)-Banswada,24-Sangojipet(3)-Banswada,25-Konapur(5)-Banswada,Other",1,25,"0,0,0,0,0,0,0,0,0,0,0,0,0,0,0,0,0,0,0,0,0,0,0,0,0,0",NULL,NULL,Y
88336,106192.15,VILLAGE,15,"1-Yellareddy Census Town(15)-Town,2-Jangamaipalli      (3)-Yellareddy,3-Tandur      (4)-Naga_reddipet,4-Bollaram      (4)-Naga_reddipet,5-Nagareddipet      (6)-Naga_reddipet,6-Polkampet     (3)-Lingampet,7-Pothaipalli      (4)-Lingampet,8-Lingampalli Kd      (4)-Lingampet,9-Argonda     (4)-Tadwai,10-Ramareddy      (9)-Sadasivanagar,11-Adloor-yellareddy      (6)-Sadasivanagar,12-Kupriyal      (4)-Sadasivanagar,13-Sadashivanagar      (7)-Sadasivanagar,14-Dharmaraopet     (3)-Sadasivanagar,15-Tadwai      (6)-Tadwai,16-Demi Kalan      (4)-Tadwai,17-Gurjal     (5)-Gandhari,18-Gandhari     (10)-Gandhari,19-Durgam     (5)-Gandhari,20-Pothangal Kl     (4)-Gandhari,21-Gouraram Kl     (4)-Gandhari,22-Gandivet     (3)-Gandhari,23-Vellutla      (3)-Yellareddy,24-Mombajipet      (3)-Lingampet,25-Bhavanipet      (3)-Lingampet,Other",1,25,"0,0,0,0,0,0,0,0,0,0,0,0,0,0,0,0,0,0,0,0,0,0,0,0,0,0",NULL,NULL,Y
88337,106192.16,VILLAGE,15,"1-Kamareddy Municipality(81)-Town,2-Gargul     (3)-Kamareddy,3-Devanpally     (7)-Kamareddy,4-Lingapur     (4)-Kamareddy,5-Kyasampally     (3)-Kamareddy,6-Bhavanipet      (4)-Machareddy,7-Machareddy      (7)-Machareddy,8-Issaipet      (3)-Machareddy,9-Yellampet      (5)-Machareddy,10-Somarpet      (6)-Machareddy,11-Chukkapur      (3)-Machareddy,12-Lachapet      (3)-Machareddy,13-Palwancha      (4)-Machareddy,14-Muthyampeta     (4)-Domakonda,15-Jangampally     (6)-Bhiknur,16-Tippapur(5)-Bhiknur,17-Rameshwerpally     (3)-Bhiknur,18-Bhiknoor     (12)-Bhiknur,19-Baswapur     (5)-Bhiknur,20-Peddamallareddy     (7)-Bhiknur,21-Kachapur     (4)-Bhiknur,22-Bibipeta     (11)-Domakonda,23-Domakonda     (14)-Domakonda,24-Anchanoor     (3)-Domakonda,25-Ambaripet     (4)-Domakonda,Other",1,25,"0,0,0,0,0,0,0,0,0,0,0,0,0,0,0,0,0,0,0,0,0,0,0,0,0,0",NULL,NULL,Y
88338,106192.17,VILLAGE,15,"1- STATION ROAD(4)-NIZAMABAD,2- Arsapally(4)-NIZAMABAD,3- Malapally(7)-NIZAMABAD,4- Mujahidnagar(6)-NIZAMABAD,5-AUTO NAGAR(1)-NIZAMABAD,6- NEHRU YUVE KENDRAM(2)-NIZAMABAD,7- Satishnagar(2)-NIZAMABAD,8- Bodhan Road.(2)-NIZAMABAD,9- AHMED PURA(2)-NIZAMABAD,10- Ahmedpura(3)-NIZAMABAD,11- NAGARAM(2)-NIZAMABAD,12- Kotagally Road(3)-NIZAMABAD,13- Qilla Road(3)-NIZAMABAD,14- Kasbagally(3)-NIZAMABAD,15-SHIVAJI NAGAR(4)-NIZAMABAD,16- Phulong Road(5)-NIZAMABAD,17- POCHAMMA GALLI(3)-NIZAMABAD,18- KHALEELWADI(4)-NIZAMABAD,19- VINAYAK NAGAR(5)-NIZAMABAD,20- Kumar Gally(5)-NIZAMABAD,21- SUBASH NAGAR ROAD(2)-NIZAMABAD,22- GURBABADI ROADD(2)-NIZAMABAD,23- ADARSH NAGAR COLONY(2)-NIZAMABAD,24- DUBBA(13)-NIZAMABAD,Other",1,24,"0,0,0,0,0,0,0,0,0,0,0,0,0,0,0,0,0,0,0,0,0,0,0,0,0",NULL,NULL,Y
88339,106192.18,VILLAGE,15,"1-Pangra (7)-Nizamabad_rural,2-Mubark Nagar (6)-Nizamabad_rural,3-Khanapur (5)-Nizamabad_rural,4-Malkapur M(4)-Nizamabad_rural,5-Gundaram (7)-Nizamabad_rural,6-Sarangapur (4)-Nizamabad_rural,7-Mallaram (5)-Nizamabad_rural,8-Borgaon P (10)-Nizamabad_rural,9-Dharmaram -b(7)-Dichpalle,10-Kamalapur(2)-Dichpalle,11-Dichpally(5)-Dichpalle,12-Suddapally(4)-Dichpalle,13-Padkal(5)-Jakranpalle,14-Jakranpally(7)-Jakranpalle,15-Argul(5)-Jakranpalle,16-Munipally(5)-Jakranpalle,17-Thorlikonda(5)-Jakranpalle,18-Kaligote(5)-Jakranpalle,19-Dubbaka(6)-Dharpalle,20-Ramadugu(5)-Dharpalle,21-Rampur(7)-Dichpalle,22-Honnajipet (7)-Sirkonda,23-Sirikonda (5)-Sirkonda,24-Nyavanandi (5)-Sirkonda,Other",1,24,"0,0,0,0,0,0,0,0,0,0,0,0,0,0,0,0,0,0,0,0,0,0,0,0,0",NULL,NULL,Y
88340,106192.19,VILLAGE,15,"1-Balkonda(14)-Balkonda,2-Mupkal(7)-Balkonda,3-Mendora (5)-Balkonda,4-Chittapur(3)-Balkonda,5-Lakhora(3)-Vailpur,6-Padgal(6)-Vailpur,7-Anksapoor(4)-Vailpur,8-Donkal(4)-Mortad,9-Shetpally(3)-Mortad,10-Palem(4)-Mortad,11-Morthad(11)-Mortad,12-Thimmapur(5)-Mortad,13-Yergatla(6)-Mortad,14-Uploor(6)-Kammarpalle,15-Kammarpally(7)-Kammarpalle,16-Hasakothur(5)-Kammarpalle,17-Basheerabad(4)-Kammarpalle,18-Sunkat(4)-Mortad,19-Mothe (5)-Vailpur,20-Babapoor(4)-Bheemgal,21-Badabheemgal(6)-Bheemgal,22-Konasamunder(4)-Kammarpalle,23-Mendhora(4)-Bheemgal,24-Pallikonda(3)-Bheemgal,25-Muchkoor(5)-Bheemgal,Other",1,25,"0,0,0,0,0,0,0,0,0,0,0,0,0,0,0,0,0,0,0,0,0,0,0,0,0,0",NULL,NULL,Y
88341,106192.20,VILLAGE,15,"1-Koratla Municipality(67)-Town,2-Yakeenpur(3)-Koratla,3-Vallampally(3)-Maidipally,4-Kondapur(5)-Maidipally,5-Chinnametpally(3)-Koratla,6-Joganpalli(3)-Koratla,7-Paidimadugu(5)-Koratla,8-Madhapur(3)-Koratla,9-Regunta(3)-Mallapur,10-Mallapur(7)-Mallapur,11-Damarajapalle(4)-Mallapur,12-Vemulakurthy(5)-Ibrahimpatnam,13-Timmapur(3)-Ibrahimpatnam,14-Raghavapet(4)-Mallapur,15-Chittapur(5)-Mallapur,16-Ailapur(11)-Koratla,17-Vempet(6)-Metpalle,18-Godur(5)-Ibrahimpatnam,19-Varshakonda(5)-Ibrahimpatnam,20-Dabba(3)-Ibrahimpatnam,21-Bandalingapur(8)-Ibrahimpatnam,22-Maidipally(7)-Maidipally,23-Jaggasagar(5)-Metpalle,24-Kondrikarla(4)-Metpalle,25-Athmakur(6)-Metpalle,Other",1,25,"0,0,0,0,0,0,0,0,0,0,0,0,0,0,0,0,0,0,0,0,0,0,0,0,0,0",NULL,NULL,Y
88342,106192.21,VILLAGE,15,"1-Jagtial Municipality(104)-Town,2-Polasa(6)-Jagtial,3-Jabithapur(4)-Jagtial,4-Narsingapur(6)-Jagtial,5-Anthargaon(4)-Jagtial,6-Chelgal(5)-Jagtial,7-Porandla(5)-Jagtial,8-Kistampet(2)-Raikal,9-Nagunur (2)-Sarangapur,10-Konapur(3)-Sarangapur,11-Pembatla(3)-Sarangapur,12-Arpapalle(3)-Sarangapur,13-Laxmidevipally(3)-Sarangapur,14-Rechapally(4)-Sarangapur,15-Potharam(2)-Sarangapur,16-Rangapet(2)-Sarangapur,17-Alur(3)-Raikal,18-Tatlavai(2)-Raikal,19-Bornapally(2)-Raikal,20-Oddelingapur(2)-Raikal,21-Mootapally(5)-Raikal,22-Bhoopathipur(3)-Raikal,23-Ramajipet(4)-Raikal,24-Kummaripalli(2)-Raikal,25-Mahitapur(4)-Raikal,Other",1,25,"0,0,0,0,0,0,0,0,0,0,0,0,0,0,0,0,0,0,0,0,0,0,0,0,0,0",NULL,NULL,Y
88343,106192.22,VILLAGE,15,"1-Dharmapuri(18)-Dharmapuri,2-Thummenala(3)-Dharmapuri,3-Rajaram(10)-Dharmapuri,4-Jaina(5)-Dharmapuri,5-Donthapoor(5)-Dharmapuri,6-Nerella(5)-Dharmapuri,7-Kapparaopet(3)-Velgatoor,8-Velgatoor (4)-Velgatoor,9-Paidipalli(3)-Velgatoor,10-Kothapet(3)-Velgatoor,11-Gullakota(6)-Velgatoor,12-Athmakur(3)-Gollapalle,13-Raghavapatnam(4)-Gollapalle,14-Lingapur(3)-Pegadapalle,15-Bathkepally(6)-Pegadapalle,16-Yellapur(4)-Pegadapalle,17-Pathipaka(3)-Dharmaram,18-Bommareddipalli(10)-Dharmaram,19-Pathagudoor(3)-Velgatoor,20-Myadaram(8)-Dharmaram,21-Botlavanaparthy(4)-Dharmaram,22-Khilavanaparthy(3)-Dharmaram,23-Dongathurthy(4)-Dharmaram,24-Rachapally(3)-Dharmaram,25-Cheggam(4)-Velgatoor,Other",1,25,"0,0,0,0,0,0,0,0,0,0,0,0,0,0,0,0,0,0,0,0,0,0,0,0,0,0",NULL,NULL,Y
88344,106192.23,VILLAGE,15,"1-Ramagundam Municipality(238)-Town,2-Kundanpalli(2)-Ramagundam,3-Rayadandi(1)-Ramagundam,4-Lingapoor(1)-Ramagundam,5-Anthergoan(2)-Ramagundam,6-Goilwada(3)-Ramagundam,7-Murmur(3)-Ramagundam,8-Brahmanpalli(1)-Ramagundam,9-Somanpalli(1)-Ramagundam,10-Madrial(1)-Ramagundam,11-Eklaspur(1)-Ramagundam,12-Potial(3)-Ramagundam,13-Madrial (1)-Ramagundam,14-Vemnoor(1)-Ramagundam,15-Kukkalagudur(3)-Ramagundam,16-Putnoor(2)-Ramagundam,17-Gudipalli(1)-Ramagundam,18-Jayyaram(2)-Ramagundam,19-EsalaTakkalapali(3)-Ramagundam,20-Palakurthy Census Town(8)-Town,21-Elkalapalli(2)-Ramagundam,Other",1,21,"0,0,0,0,0,0,0,0,0,0,0,0,0,0,0,0,0,0,0,0,0",NULL,NULL,Y
88345,106192.24,VILLAGE,15,"1-Peddapalle Census Town(42)-Town,2-Rompikunta(3)-Kamanpur,3-Gundaram(3)-Kamanpur,4-Julapalli(4)-Kamanpur,5-Jallaram(4)-Kamanpur,6-Nagepalli(3)-Kamanpur,7-Kalvacherla(5)-Kamanpur,8-Pannoor(6)-Kamanpur,9-Siripuram(4)-Manthani,10-Nagaram(3)-Manthani,11-Kannala(1)-Manthani,12-Puttapaka(2)-Manthani,13-Begumpet(5)-Kamanpur,14-Lakkaram(2)-Mutharam_manthani,15-Mydambanda(3)-Mutharam_manthani,16-Ladnapoor(3)-Mutharam_manthani,17-Adavisrirampoor(4)-Mutharam_manthani,18-Oded(3)-Mutharam_manthani,19-Khammampalli(4)-Mutharam_manthani,20-Eklaspur(3)-Manthani,21-Gunjapadugu(4)-Manthani,22-Manthani(18)-Manthani,23-Vilasagar(4)-Manthani,24-Dhanwada(4)-Kataram,25-Bayyaram(3)-Kataram,Other",1,25,"0,0,0,0,0,0,0,0,0,0,0,0,0,0,0,0,0,0,0,0,0,0,0,0,0,0",NULL,NULL,Y
88346,106192.25,VILLAGE,15,"1-Peddapalle Census Town(42)-Peddapalle,2-Raghavapoor(7)-Peddapalle,3-Appannapet(5)-Peddapalle,4-Sultanabad(17)-Sultanabad,5-Raginedu(4)-Peddapalle,6-Kanagarthi(7)-Odela,7-Palthem(4)-Peddapalle,8-Julapalli(7)-Julapalle,9-Peddapur(4)-Julapalle,10-Wadkapur(7)-Julapalle,11-Eligaid(7)-Elgaid,12-Poosala(5)-Sultanabad,13-Garrepalli(7)-Sultanabad,14-Neerukulla(2)-Sultanabad,15-Kanukula(4)-Sultanabad,16-RegadiMaddiKunta(6)-Sultanabad,17-Kolanoor(8)-Odela,18-Odela(8)-Odela,19-Kistampet(2)-Srirampur,20-Edulapur(1)-Srirampur,21-Srirampoor(7)-Srirampur,22-Gangaram(4)-Srirampur,23-Kunaram(4)-Srirampur,24-Maredugonda(4)-Peddapalle,25-Rampalli(6)-Peddapalle,Other",1,25,"0,0,0,0,0,0,0,0,0,0,0,0,0,0,0,0,0,0,0,0,0,0,0,0,0,0",NULL,NULL,Y
88347,106192.26,VILLAGE,15,"1-Karimnagar Municipal Corporation(284)-Town,2-Bommakal (4)-Karimnagar,3-Durshed (3)-Karimnagar,4-Chegurti (2)-Karimnagar,5-Maqdumpur (4)-Karimnagar,6-Cherlabuthkur (4)-Karimnagar,7-Tahar Kondapur (1)-Karimnagar,8-Chamanpalle (5)-Karimnagar,9-Irukulla (2)-Karimnagar,10-Elbotharam (2)-Karimnagar,11-Jublinagar (2)-Karimnagar,12-Nagunur (6)-Karimnagar,13-Wallampahad (2)-Karimnagar,14-Seetharampur (2)-Karimnagar,15-Arepalle (3)-Karimnagar,16-Rekurthi Census Town(8)-Town,17-Chintakunta (5)-Karimnagar,18-Malkapur (3)-Karimnagar,19-Lakshmipur (2)-Karimnagar,20-Kamanpur (3)-Karimnagar,21-Elgandal (4)-Karimnagar,22-Baddipalle (2)-Karimnagar,23-Asifnagar-bahupet(6)-Karimnagar,24-Kothapalli Haveli (6)-Karimnagar,25-Nagulamalial (3)-Karimnagar,Other",1,25,"0,0,0,0,0,0,0,0,0,0,0,0,0,0,0,0,0,0,0,0,0,0,0,0,0,0",NULL,NULL,Y
88348,106192.27,VILLAGE,15,"1-Choppadandi(17)-Choppadandi,2-Arnakonda (6)-Choppadandi,3-Vedurugatta (4)-Choppadandi,4-Rukmapur (4)-Choppadandi,5-Katnepalle(4)-Choppadandi,6-Rudraram (4)-Ramadugu,7-Deshrajpalle (4)-Ramadugu,8-Vedira (5)-Ramadugu,9-Gattubuthkur (5)-Gangadhara,10-Vilasagar (8)-Boinpalle,11-Kodurupaka (6)-Boinpalle,12-Garsekurthi (8)-Gangadhara,13-Uppara Mallial (5)-Gangadhara,14-Kurikial (4)-Gangadhara,15-Namilakonda (5)-Kodimial,16-Pudur (6)-Kodimial,17-Nachupally (5)-Kodimial,18-Potharam (4)-Mallial,19-Ramsagar (4)-Kodimial,20-Nookapally (5)-Mallial,21-Thakkallapally (5)-Mallial,22-Ragampeta (8)-Choppadandi,23-Gundi (8)-Ramadugu,24-Ramadugu (6)-Ramadugu,25-Gangadhara (8)-Gangadhara,Other",1,25,"0,0,0,0,0,0,0,0,0,0,0,0,0,0,0,0,0,0,0,0,0,0,0,0,0,0",NULL,NULL,Y
88349,106192.28,VILLAGE,15,"1-Vemulawada Census Town(34)-Town,2-Marripally (4)-Vemulawada,3-Moodapally (5)-Chandurthi,4-Nookalamarri (5)-Vemulawada,5-Vattemula (3)-Vemulawada,6-Chinta Kunta (3)-Kathlapur,7-Rudraram (4)-Vemulawada,8-Anupuram (4)-Vemulawada,9-Nampally (4)-Vemulawada,10-Thippapur (4)-Vemulawada,11-Suddala (3)-Konaraopeta,12-Konaraopet (5)-Konaraopeta,13-Nimmapalli (4)-Konaraopeta,14-Vattimalla (3)-Konaraopeta,15-Bandapally (4)-Chandurthi,16-Jogapur (3)-Chandurthi,17-Chandurthy (5)-Chandurthi,18-Thimmapur (3)-Chandurthi,19-Rudrangi (11)-Chandurthi,20-Ambaripet (3)-Kathlapur,21-Thandrial (5)-Kathlapur,22-Gambeepur (4)-Kathlapur,23-Posanipet (2)-Kathlapur,24-Bhushanraopet (3)-Kathlapur,25-Thakkalapally (4)-Kathlapur,Other",1,25,"0,0,0,0,0,0,0,0,0,0,0,0,0,0,0,0,0,0,0,0,0,0,0,0,0,0",NULL,NULL,Y
88350,106192.29,VILLAGE,15,"1-Sircilla Municipality(84)-Town,2-Obulapur (4)-Sirsilla,3-Thangallapally (8)-Sirsilla,4-Thadur (7)-Sirsilla,5-Cheerlavanch (8)-Sirsilla,6-Baddenapally (4)-Sirsilla,7-Jillella (5)-Sirsilla,8-Musthabad (9)-Mustabad,9-Yellareddypet (9)-Yellareddypeta,10-Pothugal (6)-Mustabad,11-Gudem(5)-Mustabad,12-Avunoor (4)-Mustabad,13-Namapur (4)-Mustabad,14-Kothapally (5)-Gambhiraopeta,15-Lingannapet (6)-Gambhiraopeta,16-Gambhiraopet (12)-Gambhiraopeta,17-Dammannapet (5)-Gambhiraopeta,18-Mallareddypet (4)-Gambhiraopeta,19-Bandalingampally (4)-Yellareddypeta,20-Boppapur (5)-Yellareddypeta,21-Gollapally (5)-Yellareddypeta,22-Veernapally (4)-Yellareddypeta,23-Narayanapuram-pattirachu(4)-Yellareddypeta,24-Venkatapur (4)-Yellareddypeta,25-Peddur (4)-Sirsilla,Other",1,25,"0,0,0,0,0,0,0,0,0,0,0,0,0,0,0,0,0,0,0,0,0,0,0,0,0,0",NULL,NULL,Y
88351,106192.30,VILLAGE,15,"1-Manakondur(13)-Manakondur,2-Annaram (5)-Manakondur,3-Veldi (7)-Manakondur,4-Kondapalkala (6)-Manakondur,5-Gangipalle (6)-Manakondur,6-Chengerla (6)-Manakondur,7-Porandla (4)-Thimmapur,8-Alugunur (4)-Thimmapur,9-Nustulapur (8)-Thimmapur,10-Renikunta (4)-Thimmapur,11-Parlapalle (4)-Thimmapur,12-Mogilipalem (4)-Thimmapur,13-Ambalpur (3)-Thimmapur,14-Gattududdenapalle (4)-Manakondur,15-Thadiakal (5)-Shankarapatnam,16-Molangur (5)-Shankarapatnam,17-Mutharam (2)-Shankarapatnam,18-Rajapur (2)-Shankarapatnam,19-Amudalapally (2)-Shankarapatnam,20-Metpally (6)-Shankarapatnam,Other",1,20,"0,0,0,0,0,0,0,0,0,0,0,0,0,0,0,0,0,0,0,0,0",NULL,NULL,Y
88352,106192.31,VILLAGE,15,"1-Dharmaram-pb(12)-Town,2-Ellanthakunta (6)-Jammikunta,3-Mallial (5)-Jammikunta,4-Sirsaid (6)-Jammikunta,5-Vavilala (7)-Jammikunta,6-Bizigirisharif (6)-Jammikunta,7-Pothireddipet (4)-Huzurabad,8-Kondapaka (5)-Veenavanka,9-Veenavanka (8)-Veenavanka,10-Korkal-jangampally(6)-Veenavanka,11-Challur (6)-Veenavanka,12-Ghanmukula (5)-Veenavanka,13-Jammikunta (8)-Jammikunta,14-Madipally (4)-Jammikunta,15-Chelpur (6)-Huzurabad,16-Huzurabad (6)-Huzurabad,17-Kandugula (5)-Huzurabad,18-Uppula (7)-Kamalapur,19-Gudur (4)-Kamalapur,20-Marripelligudem (5)-Kamalapur,21-Kamalapoor(11)-Town,22-Ambala (6)-Kamalapur,23-Elbaka (5)-Veenavanka,24-Shanigaram (6)-Kamalapur,25-Vangapelli (5)-Kamalapur,Other",1,25,"0,0,0,0,0,0,0,0,0,0,0,0,0,0,0,0,0,0,0,0,0,0,0,0,0,0",NULL,NULL,Y
88353,106192.32,VILLAGE,15,"1-Husnabad(23)-Town,2-Gouravelli(5)-Husnabad,3-Regonda(5)-Husnabad,4-Samudrala(5)-Koheda,5-Baswapoor(7)-Koheda,6-Chigurumamidi(7)-Chigurumamidi,7-Koheda(8)-Koheda,8-Shanigaram(6)-Koheda,9-Indurthy(8)-Chigurumamidi,10-Bommanapalli(6)-Chigurumamidi,11-Rekonda(6)-Chigurumamidi,12-Vennampally(4)-V Saidapur,13-Godishala(4)-V Saidapur,14-Akunuru(7)-V Saidapur,15-Vangara(7)-Bheemdevara Pally,16-Gatlanarsingapur(5)-Bheemdevara Pally,17-Mallampalli (5)-Husnabad,18-Akkannapet(5)-Husnabad,19-Katkur(5)-Bheemdevara Pally,20-Mallaram(4)-Bheemdevara Pally,21-Kothakonda(5)-Bheemdevara Pally,22-Mulkanur(10)-Bheemdevara Pally,23-Kothapally(5)-Bheemdevara Pally,24-Damera(6)-Elkathurthy,25-Elkathurthy(7)-Elkathurthy,Other",1,25,"0,0,0,0,0,0,0,0,0,0,0,0,0,0,0,0,0,0,0,0,0,0,0,0,0,0",NULL,NULL,Y
88354,106192.33,VILLAGE,15,"1-Siddipet Census Town(67)-Town,2-Narsapur Census Town(7)-Town,3-Lingareddypally(4)-Siddipet_rural,4-Peddakodur(3)-Chinnakodur,5-Chinnakodur(6)-Chinnakodur,6-Chandlapur(4)-Chinnakodur,7-Vittalapur(3)-Chinnakodur,8-Gurralagondi(3)-Chinnakodur,9-Jakkapur(5)-Chinnakodur,10-Narayanraopet(8)-Siddipet_rural,11-Raghavapur(4)-Siddipet_rural,12-Thornal(3)-Siddipet_rural,13-Raorukla(3)-Siddipet_rural,14-Pullur(6)-Siddipet_rural,15-Ramancha(4)-Chinnakodur,16-Ensanpally(5)-Siddipet_rural,17-Ponnala(4)-Siddipet_rural,18-Mittapally(8)-Siddipet_rural,19-Ibrahimnagar(3)-Chinnakodur,20-Baddipadaga(4)-Nanganur,21-Palamakula(4)-Nanganur,22-Rajgopalpet(3)-Nanganur,23-Narmeta(3)-Nanganur,24-Nangunoor(7)-Nanganur,25-Gatlamalyala(4)-Nanganur,Other",1,25,"0,0,0,0,0,0,0,0,0,0,0,0,0,0,0,0,0,0,0,0,0,0,0,0,0,0",NULL,NULL,Y
88355,106192.34,VILLAGE,15,"1-Medak Municipality(47)-Town,2-Haveli Ghanpur(4)-Medak,3-Sardhana(3)-Medak,4-Burugupally(4)-Medak,5-Shalipet(3)-Shankarampet_r,6-Aurangabad(3)-Medak,7-Ausulapallly(3)-Medak,8-M.bhopatipur(4)-Medak,9-Madoor(4)-Shankarampet_r,10-Chandampet(4)-Shankarampet_r,11-Suraram(4)-Shankarampet_r,12-Shankarampet(5)-Shankarampet_r,13-Gavalapally(4)-Shankarampet_r,14-Chityala(4)-Medak,15-Podchanpalle(5)-Papannapet,16-Kothapalle(4)-Papannapet,17-Yousufpet(4)-Papannapet,18-Kurthiwada(3)-Papannapet,19-Lingaipalle(4)-Papannapet,20-Papannapet(6)-Papannapet,21-Kodpak(4)-Papannapet,Other",1,21,"0,0,0,0,0,0,0,0,0,0,0,0,0,0,0,0,0,0,0,0,0,0",NULL,NULL,Y
88356,106192.35,VILLAGE,15,"1-Narayankhed Census Town(16)-Town,2-Nizampet      (9)-Kalher,3-Bachepally      (4)-Kalher,4-Masanpally      (3)-Kalher,5-Kalher      (4)-Kalher,6-Mardi      (4)-Kalher,7-Krishnapur      (3)-Kalher,8-Nagdhar      (4)-Kalher,9-Kadpal      (4)-Kalher,10-Sirgapur      (6)-Kalher,11-Abbendha      (6)-Narayankhed,12-Chapta-k     (6)-Narayankhed,13-Nagoor B      (2)-Kangti,14-Turkawadgoan      (4)-Kangti,15-Bheemra (3)-Kangti,16-Kangti      (5)-Kangti,17-Degulwadi      (3)-Kangti,18-Borgi Aurad      (3)-Kangti,19-Tadkal      (4)-Kangti,20-Jamgi B      (3)-Kangti,Other",1,20,"0,0,0,0,0,0,0,0,0,0,0,0,0,0,0,0,0,0,0,0,0",NULL,NULL,Y
88357,106192.36,VILLAGE,15,"1-Jogipet Census Town(19)-Town,2-Neeredigunta      (3)-Andhole,3-Dakoor      (6)-Andhole,4-Choutkur      (6)-Pulkal,5-Korpole      (4)-Pulkal,6-Shivampet      (4)-Pulkal,7-Minpur      (3)-Pulkal,8-Pulkal      (4)-Pulkal,9-Mudimanik      (3)-Pulkal,10-Munipally      (4)-Munipally,11-Budhera      (3)-Munipally,12-Kankole      (3)-Munipally,13-Singitham      (3)-Raikode,14-Raikode      (5)-Raikode,15-Regode      (4)-Regode,16-Gorrekal      (3)-Alladurg,17-Khaderabad(4)-Regode,18-Marvelly      (3)-Alladurg,19-Muslapur      (4)-Alladurg,20-Alladurga      (11)-Alladurg,21-Chilever      (3)-Alladurg,22-Tekmal      (5)-Tekmal,23-Yellupet      (3)-Tekmal,24-Yelupugonda      (4)-Tekmal,Other",1,24,"0,0,0,0,0,0,0,0,0,0,0,0,0,0,0,0,0,0,0,0,0,0,0,0,0",NULL,NULL,Y
88358,106192.37,VILLAGE,15,"1-Narsapur(19)-Town,2-Kondapur(3)-Narsapur,3-Chinthal Chervu(4)-Hathanoora,4-Borpatla(3)-Hathanoora,5-Kasal(4)-Hathanoora,6-Hathnoora(7)-Hathanoora,7-Doulthabad(5)-Hathanoora,8-Sirpoora(4)-Hathanoora,9-Enigandla(4)-Kulcharam,10-Rangampet(4)-Kulcharam,11-Wariguntam(3)-Kulcharam,12-Ch.ghanpur(4)-Kulcharam,13-Kulcharam(4)-Kulcharam,14-Amsanpally(3)-Kulcharam,15-Manepally(3)-Yeldurthy,16-Kukunoor(4)-Yeldurthy,17-Bandaposan Pally(3)-Yeldurthy,18-Yeldurthy(8)-Yeldurthy,19-Masaipet(5)-Yeldurthy,20-Konthanpally(3)-Shivampet,21-Donthi(4)-Shivampet,22-Shivampet(6)-Shivampet,23-Gomaram(3)-Shivampet,24-Peddagottimukkla(4)-Shivampet,25-Sikindlapur(3)-Hathanoora,Other",1,25,"0,0,0,0,0,0,0,0,0,0,0,0,0,0,0,0,0,0,0,0,0,0,0,0,0,0",NULL,NULL,Y
88359,106192.38,VILLAGE,15,"1-Zahirabad Municipality(72)-Town,2-Algol      (3)-Zaheerabad,3-Allipur Census Town(12)-Town,4-Ranjhole      (6)-Zaheerabad,5-Pastapur      (6)-Zaheerabad,6-Kuppanagar      (3)-Jharasangam,7-Jarasangam      (4)-Jharasangam,8-Nyalkal      (4)-Naykal,9-Hadnoor      (4)-Naykal,10-Rejental      (3)-Naykal,11-Yelgoi      (4)-Jharasangam,12-Satwar      (4)-Zaheerabad,13-Chiragpally      (3)-Zaheerabad,14-Dhanasiri      (5)-Zaheerabad,15-Mogudampally      (7)-Zaheerabad,16-Hothi-b     (7)-Zaheerabad,17-Hothi-k     (4)-Zaheerabad,18-Shaikapur      (6)-Zaheerabad,19-Malchelma      (5)-Zaheerabad,20-Picharagadi     (4)-Kohir,21-Digwal      (5)-Kohir,22-Kaveli      (3)-Kohir,23-Koheer      (16)-Kohir,24-Bilalpur      (4)-Kohir,25-Paidigummal      (5)-Kohir,Other",1,25,"0,0,0,0,0,0,0,0,0,0,0,0,0,0,0,0,0,0,0,0,0,0,0,0,0,0",NULL,NULL,Y
88360,106192.39,VILLAGE,15,"1-Sangareddy Municipality(73)-Town,2-Pothreddipalle Census Town(12)-Town,3-Kandi      (8)-Sangareddy,4-Mamidipally      (4)-Sangareddy,5-Eardanoor     (3)-Sangareddy,6-Ismailkhanpet      (8)-Sangareddy,7-Fasalvadi      (4)-Sangareddy,8-Kalabgur      (5)-Sangareddy,9-Malkapur      (6)-Kondapur,10-Peddapur     (5)-Sadasivpet,11-Nandikandi      (5)-Sadasivpet,12-Veltoor      (3)-Sadasivpet,13-Nizampur      (3)-Sadasivpet,14-Atmakur      (4)-Sadasivpet,15-Maddikunta      (4)-Sadasivpet,16-Ananthsagar      (4)-Kondapur,17-Marepally      (3)-Kondapur,18-Machepally     (3)-Kondapur,19-Togarpally      (4)-Kondapur,20-Terpole      (3)-Kondapur,21-Kalvemula      (5)-Sangareddy,22-Cheriyal-t     (3)-Sangareddy,23-Indrakaran      (4)-Sangareddy,24-Eddumailaram Census Town(12)-Town,25-Kondapur      (5)-Kondapur,Other",1,25,"0,0,0,0,0,0,0,0,0,0,0,0,0,0,0,0,0,0,0,0,0,0,0,0,0,0",NULL,NULL,Y
88361,106192.40,VILLAGE,15,"1-GHMC Municipal Corporation(47)-Town,2-Ameenapur Census Town(37)-Town,3-Bollaram      (35)-Jinnaram,4-Annaram      (7)-Jinnaram,5-Gumadidala      (9)-Jinnaram,6-Kankunta      (6)-Jinnaram,7-Domadugu     (5)-Jinnaram,8-Bonthapally      (7)-Jinnaram,9-Solakpally      (3)-Jinnaram,10-Jinnaram      (5)-Jinnaram,11-Madharam      (3)-Jinnaram,12-Muthangi Census Town(9)-Town,13-Chitkul Census Town(6)-Town,14-Isnapur Census Town(9)-Town,15-Lakadaram      (4)-Patancheruvu,16-Rudraram      (7)-Patancheruvu,17-Kyasaram      (3)-Patancheruvu,18-Bhanur Census Town(10)-Town,19-Nandigaon(4)-Patancheruvu,20-Bandalguda      (8)-Ramachandrapuram,21-Velmela      (4)-Ramachandrapuram,22-Kollur      (4)-Ramachandrapuram,23-Tellapur      (15)-Ramachandrapuram,Other",1,23,"0,0,0,0,0,0,0,0,0,0,0,0,0,0,0,0,0,0,0,0,0,0,0,0",NULL,NULL,Y
88362,106192.41,VILLAGE,15,"1-Narsingi(8)-Chegunta,2-Chegunta(6)-Chegunta,3-Waddiaram(4)-Chegunta,4-Makkarajpet(4)-Chegunta,5-Mubarakpur(3)-Doultabad,6-Surampally(3)-Doultabad,7-Dommat(3)-Doultabad,8-Doulthabad(4)-Doultabad,9-Ibrahimpur(4)-Chegunta,10-Rudraram(4)-Mirdoddi,11-Bhoompally(4)-Mirdoddi,12-Akaram(5)-Dubbak,13-Ramakkapet(4)-Dubbak,14-Cheekode(3)-Dubbak,15-Pedda Gundavelly(4)-Dubbak,16-Mirdoddi(6)-Mirdoddi,17-Alwal(3)-Mirdoddi,18-Thoguta(4)-Thoguta,19-Vemulaghat(3)-Thoguta,20-Pamulaparthy(6)-Wargal,21-Gouraram(4)-Wargal,22-Wargal(8)-Wargal,23-Thunkisala(4)-Wargal,24-Majidpally(6)-Wargal,Other",1,24,"0,0,0,0,0,0,0,0,0,0,0,0,0,0,0,0,0,0,0,0,0,0,0,0,0",NULL,NULL,Y
88363,106192.42,VILLAGE,15,"1-Gajwel(25)-Town,2-Pedched(4)-Gajwel,3-Jaligam(4)-Gajwel,4-Dharma Redy Pally(3)-Gajwel,5-Ghanpur(3)-Tupran,6-Toopran(15)-Tupran,7-Manoharabad(5)-Tupran,8-Kallakal(8)-Tupran,9-Kothur(3)-Mulug,10-Mulugu(6)-Mulug,11-Chilla Sagar(4)-Mulug,12-Damarakunta(5)-Mulug,13-Markook(4)-Mulug,14-Itikyal(4)-Jagadevpur,15-Jagadevpur(7)-Jagadevpur,16-Chebarthy(3)-Jagadevpur,17-Teegul (5)-Jagadevpur,18-Munigadapa(4)-Jagadevpur,19-Kuknoorpally(6)-Kondapak,20-Kondapak(7)-Kondapak,21-Sirsangandla(5)-Kondapak,22-Marpadga(5)-Kondapak,23-Duddada(6)-Kondapak,24-Velkatta(3)-Kondapak,25-Ankireddypally(4)-Kondapak,Other",1,25,"0,0,0,0,0,0,0,0,0,0,0,0,0,0,0,0,0,0,0,0,0,0,0,0,0,0",NULL,NULL,Y
88364,106192.43,VILLAGE,15,"1-Medchal Census Town(36)-Town,2-Gowdavelly(5)-Medchel,3-Srirangavaram(5)-Medchel,4-Dabilpur(6)-Medchel,5-Ravalkole(5)-Medchel,6-Aliabad(7)-Shamirpet,7-Lalgadi Malakpet(5)-Shamirpet,8-Shameerpet(9)-Shamirpet,9-Gundlapochampally(11)-Shamirpet,10-Jawaharnagar(45)-Shamirpet,11-Ahmedguda(7)-Keesara,12-Nagaram(31)-Keesara,13-Rampally(6)-Keesara,14-Cheeryal(5)-Keesara,15-Keesara(10)-Keesara,16-Ghatkesar(17)-Ghatkesar,17-Pocharam(15)-Ghatkesar,18-Medipally(11)-Ghatkesar,19-Boduppal(45)-Ghatkesar,20-Peerjadiguda(37)-Ghatkesar,Other",1,20,"0,0,0,0,0,0,0,0,0,0,0,0,0,0,0,0,0,0,0,0,0",NULL,NULL,Y
88365,106192.44,VILLAGE,15,"1-OLD ALWAL(18)-MALKAJGIRI,2-MACHA BOLARAM(11)-MALKAJGIRI,3-Turkapalli(4)-MALKAJGIRI,4-TEMPLE ALWAL(10)-MALKAJGIRI,5-LOTHUKUNTA(11)-MALKAJGIRI,6-VENKATAPURAM(12)-MALKAJGIRI,7-SUBHASH NAGAR(7)-MALKAJGIRI,8-CHANDRAGIRI COLONY(5)-MALKAJGIRI,9-BALRAMNAGAR MKJ(4)-MALKAJGIRI,10-ANAND BHAG(5)-MALKAJGIRI,11-MALLIKARJUNA NAGAR(5)-MALKAJGIRI,12-VIMALADEVI NAGAR ANANDBAGH(9)-MALKAJGIRI,13-JYOTHINAGAR(8)-MALKAJGIRI,14-PREM VIJAYNAGAR COLONY(5)-MALKAJGIRI,15-MALKAJGIRI(10)-MALKAJGIRI,16-VENKATAPURAM(12)-MALKAJGIRI,17-JAWAHAR NAGAR MOULAALI(7)-MALKAJGIRI,18-MOULAALI(4)-MALKAJGIRI,19-AMBEDKAR NAGAR MALKAJGIRI(6)-MALKAJGIRI,20-EAST KAKATIYANAGAR NEREDMET MKJ(5)-MALKAJGIRI,21-DEFENCE COLONY J.J.NAGAR(5)-MALKAJGIRI,Other",1,21,"0,0,0,0,0,0,0,0,0,0,0,0,0,0,0,0,0,0,0,0,0,0",NULL,NULL,Y
88366,106192.45,VILLAGE,15,"1-QUTBULLA PUR(107)-Quthbullapur,2-KOMPALLY(15)-Quthbullapur,3-PETBASHEERABAD(5)-Quthbullapur,4-DULAPALLY(6)-Quthbullapur,5-DUNDIGAL(7)-Quthbullapur,6-GAGILLAPUR(4)-Quthbullapur,7-MALLAMPET(8)-Quthbullapur,8-BOWRAMPET(7)-Quthbullapur,9-Suraram(32)-Quthbullapur,10-ZPSS SURARAM(5)-Quthbullapur,11-GAJULA RAAMAARAM(59)-Quthbullapur,12-BACHUPALLY(22)-Quthbullapur,13-NIZAMPET(46)-Quthbullapur,14-JEEDIMETLA(28)-Quthbullapur,15-SANJAY GANDHI NAGAR GAJULARAMARAM(4)-Quthbullapur,16-SHAPURNAGAR(3)-Quthbullapur,17-VIGNANA VARDINI SCHOOL ANAYAIAH NAGAR(3)-Quthbullapur,18-PRAGATHI NAGAR(17)-Quthbullapur,19-GANDHI NAGAR(6)-Quthbullapur,20-CHINTAL(4)-Quthbullapur,21-APURUPA COLONY(4)-Quthbullapur,Other",1,21,"0,0,0,0,0,0,0,0,0,0,0,0,0,0,0,0,0,0,0,0,0,0",NULL,NULL,Y
88367,106192.46,VILLAGE,15,"1- KPHB(17)-KUKATPALLY,2- BALAJI NAGAR(6)-KUKATPALLY,3- KUKATPALLY(9)-KUKATPALLY,4- PRAKASH NAGAR(5)-KUKATPALLY,5- JANATHA NAGAR(12)-KUKATPALLY,6- RAJIV GANDHI NAGAR(8)-KUKATPALLY,7- MOTHI NAGAR(11)-KUKATPALLY,8- FATHE NAGAR(10)-KUKATPALLY,9- BALANAGAR(5)-KUKATPALLY,10- FEROZGUDA(11)-KUKATPALLY,11- OLD BOWENPALLY(14)-KUKATPALLY,12- HASMATHPET(14)-KUKATPALLY,13- BEGUMPET(6)-KUKATPALLY,14- AVANTHI(8)-KUKATPALLY,15- VASANTH NAGAR(8)-KUKATPALLY,16- HAL COLONY(5)-KUKATPALLY,17- FATHENAGAR(8)-KUKATPALLY,18- LKG ROOM(7)-KUKATPALLY,19- KKP(5)-KUKATPALLY,20- KPHB COLONY(5)-KUKATPALLY,Other",1,20,"0,0,0,0,0,0,0,0,0,0,0,0,0,0,0,0,0,0,0,0,0",NULL,NULL,Y
88368,106192.47,VILLAGE,15,"1- Chilaka Nagar(8)-UPPAL,2-Venkat Reddy(7)-UPPAL,3- Uppal Kalan(5)-UPPAL,4- Annapurna Colony(5)-UPPAL,5- Mallapur(19)-UPPAL,6- Kapra(24)-UPPAL,7- Kushaiguda(12)-UPPAL,8- Subhash Nagar(6)-UPPAL,9- Nacharam(9)-UPPAL,10- Baba Nagar(8)-UPPAL,11- Chilaka Nagar(8)-UPPAL,12- Prashanth Nagar(6)-UPPAL,13- Habsiguda(9)-UPPAL,14- HCL Town Ship(10)-UPPAL,15- CHURCH COLONY RAMANTHAP(8)-UPPAL,16- Laxminarayana Colony(6)-UPPAL,17-GANDHI NAGAR(12)-UPPAL,18- Sharadanagar(5)-UPPAL,19- GOKHALE NAGAR(5)-UPPAL,20- RAMANTHAPUR(17)-UPPAL,21-Sai Ram Convent High School BuildingVenkat Reddy(7)-UPPAL,22- Brach Library Building(5)-UPPAL,Other",1,22,"0,0,0,0,0,0,0,0,0,0,0,0,0,0,0,0,0,0,0,0,0,0,0",NULL,NULL,Y
88369,106192.48,VILLAGE,15,"1-Ibrahimpatnam Census Town(13)-Town,2-Yeliminedu(4)-Ibrahimpatnam,3-Mangalpalle(5)-Ibrahimpatnam,4-Kongarakalan(6)-Ibrahimpatnam,5-Turkayamjal(16)-Hayathnagar,6-Koheda(9)-Hayathnagar,7-Thorrur(6)-Hayathnagar,8-Abudullapur(6)-Hayathnagar,9-Batasingaram(5)-Hayathnagar,10-Dandumailaram(6)-Ibrahimpatnam,11-Raipole(6)-Ibrahimpatnam,12-Manchal(5)-Manchal,13-Arutla(11)-Manchal,14-Loyapally(7)-Manchal,15-Bodakonda(4)-Manchal,16-Japal(3)-Manchal,17-Gungal(5)-Yacharam,18-Yacharam(4)-Yacharam,19-Nandiwanparthy(7)-Yacharam,20-Medipally(4)-Yacharam,21-Nallavelly(6)-Yacharam,Other",1,21,"0,0,0,0,0,0,0,0,0,0,0,0,0,0,0,0,0,0,0,0,0,0",NULL,NULL,Y
88370,106192.49,VILLAGE,15,"1-Balapur(17)-Saroornagar,2-Meerpet(7)-Saroornagar,3-Jillelguda(6)-Saroornagar,4-Jalpally(5)-Saroornagar,5-Pahadisharif(2)-Saroornagar,6-Kothapet(1)-Saroornagar,7-L.B.Nagar - Ward No.3(31)-Saroornagar,8-L.B.Nagar - Ward No.8(29)-Saroornagar,9-L.B.Nagar - Ward No.1(28)-Saroornagar,10-L.B.Nagar - Ward No.5(26)-Saroornagar,11-L.B.Nagar - Ward No.6(25)-Saroornagar,12-L.B.Nagar - Ward No.4(23)-Saroornagar,13-L.B.Nagar - Ward No.9(22)-Saroornagar,14-L.B.Nagar - Ward No.2(15)-Saroornagar,15-L.B.Nagar - Ward No.10(13)-Saroornagar,16-L.B.Nagar - Ward No.7(4)-Saroornagar,Other",1,16,"0,0,0,0,0,0,0,0,0,0,0,0,0,0,0,0,0",NULL,NULL,Y
88371,106192.50,VILLAGE,15,"1-Mankal(12)-Town,2-Kongara Kurdu(3)-Maheshwaram,3-Raviryal(5)-Maheshwaram,4-Nagaram(4)-Maheshwaram,5-Pendyal(2)-Maheshwaram,6-Ameerpet(5)-Maheshwaram,7-Kalwakole(3)-Maheshwaram,8-Dubbacherla(2)-Maheshwaram,9-Kodlapadkal(2)-Maheshwaram,10-Mansanpally(3)-Maheshwaram,11-Maheshwaram(9)-Town,12-Thummaloor(3)-Maheshwaram,13-Lemoor(5)-Kandukur,14-Gummadivelly(3)-Kandukur,15-Timmapur(4)-Kandukur,16-Rachloor(5)-Kandukur,17-Gudoor(3)-Kandukur,18-Kandukur(5)-Town,19-Pulmamidi(3)-Kandukur,20-Nednoor(5)-Kandukur,21-Debbadaguda(3)-Kandukur,22-Mirkhanpet(5)-Kandukur,23-Mucharla(5)-Kandukur,Other",1,23,"0,0,0,0,0,0,0,0,0,0,0,0,0,0,0,0,0,0,0,0,0,0,0,0",NULL,NULL,Y
88372,106192.51,VILLAGE,15,"1-Kismatpur Census Town(8)-Town,2-Bandlaguda Census Town(13)-Town,3-Peerancheru(7)-Rajendranagar,4-Manchirevula(5)-Rajendranagar,5-Puppalaguda(8)-Rajendranagar,6-Manikonda(5)-Rajendranagar,7-Vattinagulapally(5)-Rajendranagar,8-Kokapet(4)-Rajendranagar,9-Gandipet(3)-Rajendranagar,10-Himayathsagar(3)-Rajendranagar,11-Narkuda(6)-Shamshabad,12-Narsingi Census Town(10)-Town,13-Jukal(3)-Shamshabad,14-Palamakula(6)-Shamshabad,15-Pedda Toopra(4)-Shamshabad,16-Peddashapur(4)-Shamshabad,17-Thondpally(3)-Shamshabad,18-Kothwal Guda(3)-Shamshabad,19-Shamshabad(36)-Shamshabad,20-Satamrai(3)-Shamshabad,21-Peddagolconda(3)-Shamshabad,Other",1,21,"0,0,0,0,0,0,0,0,0,0,0,0,0,0,0,0,0,0,0,0,0,0",NULL,NULL,Y
88373,106192.52,VILLAGE,15,"1-Chanda Nagar(56)-Serilingampally,2-Rajiv Nagar(5)-Serilingampally,3-Taranagar(6)-Serilingampally,4-Lingampally(3)-Serilingampally,5-Serilingampally(8)-Serilingampally,6-Gopi Nagar(7)-Serilingampally,7-Papireddy Colony(2)-Serilingampally,8-Shivaji Nager(3)-Serilingampally,9-Huda Colo Ny Chandanagar(6)-Serilingampally,10-Deepti Sri Nagar(6)-Serilingampally,11-Madeena Guda(7)-Serilingampally,12-Makta Mahaboob Pet(6)-Serilingampally,13-Madinaguda(7)-Serilingampally,14-Miyapur(37)-Serilingampally,15-Praja City(4)-Serilingampally,16-Prem Nagar(2)-Serilingampally,17-Hafeez Pet(15)-Serilingampally,18-New Hafeez Pet(7)-Serilingampally,19-Sriramnagar(3)-Serilingampally,20-Nallagandla(8)-Serilingampally,21-Gopan Pally(8)-Serilingampally,22-Gowlidoddi(6)-Serilingampally,Other",1,22,"0,0,0,0,0,0,0,0,0,0,0,0,0,0,0,0,0,0,0,0,0,0,0",NULL,NULL,Y
88374,106192.53,VILLAGE,15,"1-Shankarpalle(11)-Town,2-Dhobipet(8)-Shankarpalle,3-Yellakonda(5)-Nawabpet,4-Pulumamidi(4)-Nawabpet,5-Chittigadda(6)-Nawabpet,6-Ekmamidi(6)-Nawabpet,7-Aloor(6)-Chevella,8-Chevella(8)-Town,9-orella(3)-Chevella,10-Kametha(3)-Chevella,11-Mokila(4)-Shankarpalle,12-Kondakal(4)-Shankarpalle,13-Janwada(8)-Shankarpalle,14-Chilkoor(7)-Moinabad,15-Aziznagar(5)-Moinabad,16-Pedda Mangalaram(6)-Moinabad,17-Surangal(5)-Moinabad,18-Kandwada(3)-Chevella,19-Tadlapally(4)-Shabad,20-Shabad(15)-Shabad,21-Kakloor(4)-Shabad,22-Manmarry(4)-Shabad,Other",1,22,"0,0,0,0,0,0,0,0,0,0,0,0,0,0,0,0,0,0,0,0,0,0,0",NULL,NULL,Y
88375,106192.54,VILLAGE,15,"1-Pargi(19)-Town,2-Madaram(3)-Pargi,3-Kankal(4)-Pudur,4-Chengamul(4)-Pudur,5-Peddaummenthal(4)-Pudur,6-Rapole(3)-Pargi,7-Khudavanpur(2)-Pargi,8-Doma(6)-Doma,9-Mothukur(6)-Doma,10-Mujahid Pur(6)-Kulkacharla,11-Tirumalapur(4)-Kulkacharla,12-Chowdapur(5)-Kulkacharla,13-Kusumasamudram(4)-Kulkacharla,14-Antharam(4)-Kulkacharla,15-Kulkecherla(6)-Kulkacharla,16-Dadapur(4)-Doma,17-Vennached(9)-Gandeed,18-Salkarpet(4)-Gandeed,19-Pagidiyal(4)-Gandeed,20-Gandeed(4)-Gandeed,21-Gadriyal(4)-Gandeed,22-Nancharla(8)-Gandeed,23-Mohammadabad(13)-Town,Other",1,23,"0,0,0,0,0,0,0,0,0,0,0,0,0,0,0,0,0,0,0,0,0,0,0,0",NULL,NULL,Y
88376,106192.55,VILLAGE,15,"1-Vicarabad Municipality(54)-Town,2-Madgul Chittem Pally(3)-Vikarabad,3-Dhannaram(3)-Vikarabad,4-Girgetpalle(2)-Vikarabad,5-Pulmaddi(3)-Vikarabad,6-Morangapally(3)-Mominpet,7-Mominpet(9)-Mominpet,8-Tekulapally(4)-Mominpet,9-Yenkathala(5)-Mominpet,10-Siripura(5)-Marpalle,11-Marpally(8)-Marpalle,12-Patloor(6)-Marpalle,13-Buchanpally(4)-Marpalle,14-Barwad(4)-Bantwaram,15-Bantwaram(3)-Bantwaram,16-Boppanaram(3)-Bantwaram,17-Rompally(3)-Bantwaram,18-Nagasamunder(3)-Dharur,19-Dharoor(8)-Dharur,20-Gurudotla(3)-Dharur,Other",1,20,"0,0,0,0,0,0,0,0,0,0,0,0,0,0,0,0,0,0,0,0,0",NULL,NULL,Y
88377,106192.56,VILLAGE,15,"1-Tandur Municipality(66)-Town,2-Agganoor(3)-Yelal,3-Yalal(4)-Yelal,4-Juntupally(4)-Yelal,5-Mailwar(3)-Basheerabad,6-Ekmai(3)-Basheerabad,7-Damerched(3)-Basheerabad,8-Nawangi(7)-Basheerabad,9-Nawalga(4)-Basheerabad,10-Jeevangi(3)-Basheerabad,11-Karankote(9)-Tandur,12-Malkapur(5)-Tandur,13-Kotebaspally(3)-Tandur,14-Chengole(3)-Tandur,15-Indoor(4)-Peddemul,16-Adikcharla(3)-Peddemul,17-Tattepally(7)-Peddemul,18-Kotepally(6)-Peddemul,19-Peddemul(6)-Peddemul,20-Kokat(6)-Yelal,21-Kandanelly(4)-Peddemul,22-Mambapur(3)-Peddemul,23-Rasnam(3)-Yelal,24-Antharam(6)-Tandur,Other",1,24,"0,0,0,0,0,0,0,0,0,0,0,0,0,0,0,0,0,0,0,0,0,0,0,0,0",NULL,NULL,Y
88378,106192.57,VILLAGE,15,"1-KAVADIGUDA(23)-Musheerabad,2-BAPU NAGAR(2)-Musheerabad,3-PARSIGUTTA(5)-Musheerabad,4-BHOLAKPUR(17)-Musheerabad,5-DAYARA(5)-Musheerabad,6-BAKARAM(18)-Musheerabad,7-MUSHEERABAD(18)-Musheerabad,8-ZAMISTANPUR(7)-Musheerabad,9-GEMINI COLONY(5)-Musheerabad,10-RAM NAGAR(15)-Musheerabad,11-AZAMABAD(7)-Musheerabad,12-ADIKMET(9)-Musheerabad,13-VIDYA NAGAR(10)-Musheerabad,14-NAGAMAIAH KUNTA(2)-Musheerabad,15-NALLAKUNTA(5)-Musheerabad,16-OLD NALLAKUNTA(2)-Musheerabad,17-BAGHLINGAMPALLY(11)-Musheerabad,18-ACHAIAH NAGAR(8)-Musheerabad,19-CHIKKADPALLY(11)-Musheerabad,20-GANDHI NAGAR(7)-Musheerabad,21-JAWAHAR NAGAR(11)-Musheerabad,22-ASHOK NAGAR(11)-Musheerabad,23-DOMALGUDA(14)-Musheerabad,24-LOWER TANKBUND(9)-Musheerabad,Other",1,24,"0,0,0,0,0,0,0,0,0,0,0,0,0,0,0,0,0,0,0,0,0,0,0,0,0",NULL,NULL,Y
88379,106192.58,VILLAGE,15,"1-OLD MALAKPET(31)-Malakpet,2-MALAKPET PALTAN(8)-Malakpet,3-Municipal Colony(3)-Malakpet,4-SALEEM NAGAR COLONY(23)-Malakpet,5-ANDHRA COLONY(13)-Malakpet,6-MOOSARAM BAGH(21)-Malakpet,7-GADDI ANNARAM(6)-Malakpet,8-SBH COLONY(6)-Malakpet,9-ASMANGAD(2)-Malakpet,10-MADHAV NAGAR(2)-Malakpet,11-MADHAVA NAGAR(3)-Malakpet,12-SAIDABAD(20)-Malakpet,13-SAIDABAD COLONY(2)-Malakpet,14-AKBER BAGH(9)-Malakpet,15-KURMA GUDA(2)-Malakpet,16-CHANCHAL GUDA(7)-Malakpet,17-KALADERA(6)-Malakpet,18-CHAVANI(17)-Malakpet,19-FARHAT NAGAR(2)-Malakpet,20-MALAKPET(4)-Malakpet,21-AZAMPURA(12)-Malakpet,22-OSMANPURA(2)-Malakpet,23-NEW MALAKPET NEAR AKBER TOWER(3)-Malakpet,24-ASMAN GADH(2)-Malakpet,25-S B H COLONY(1)-Malakpet,Other",1,25,"0,0,0,0,0,0,0,0,0,0,0,0,0,0,0,0,0,0,0,0,0,0,0,0,0,0",NULL,NULL,Y
88380,106192.59,VILLAGE,15,"1-AMBERPET(75)-Hyderabad (M Corp.),2-NEW NALLAKUNTA(18)-Hyderabad (M Corp.),3-LINGAMPALLY(14)-Hyderabad (M Corp.),4-NALLAKUNTA(13)-Hyderabad (M Corp.),5-TILAKNAGAR(10)-Hyderabad (M Corp.),6-NIMBOLIADDA(10)-Hyderabad (M Corp.),7-VIDYANAGAR EXTENSION(10)-Hyderabad (M Corp.),8-BAGH AMBERPET(9)-Hyderabad (M Corp.),9-GOLNAKA(9)-Hyderabad (M Corp.),10-BARKATPURA(9)-Hyderabad (M Corp.),11-QUTBI GUDA(8)-Hyderabad (M Corp.),12-NEW PATEL NAGAR(6)-Hyderabad (M Corp.),13-CENTRAL EXCISE COLONY(6)-Hyderabad (M Corp.),14-AMBERPET PREM NAGAR(6)-Hyderabad (M Corp.),15-PATEL NAGAR(6)-Hyderabad (M Corp.),16-KRISHNA NAGAR(5)-Hyderabad (M Corp.),17-NEHRU NAGAR(4)-Hyderabad (M Corp.),18-CHAPPAL BAZAR(4)-Hyderabad (M Corp.),19-AMBERPET PREMNAGAR(3)-Hyderabad (M Corp.),20-DURGA NAGAR AMEBRPET(3)-Hyderabad (M Corp.),21-VIDYA NAGAR EXTENSION(3)-Hyderabad (M Corp.),22-KACHIGUDA(3)-Hyderabad (M Corp.),23-BARAKATPURA(3)-Hyderabad (M Corp.),24-AMBERPET PREEM NAGAR(2)-Hyderabad (M Corp.),Other",1,24,"0,0,0,0,0,0,0,0,0,0,0,0,0,0,0,0,0,0,0,0,0,0,0,0,0",NULL,NULL,Y
88381,106192.60,VILLAGE,15,"1-BANJARA HILLS(9)-Hyderabad (M Corp.),2-SRI RAM NAGAR SLUM(9)-Hyderabad (M Corp.),3-M S MAKTHA R B ROAD(8)-Hyderabad (M Corp.),4-PREM NAGAR(8)-Hyderabad (M Corp.),5-INDIRA NAGAR BANJARAHILLS(7)-Hyderabad (M Corp.),6-JUBILEE HILLS area(6)-Hyderabad (M Corp.),7-INDIRA NAGAR(6)-Hyderabad (M Corp.),8-BS MAQTHA HUSAIN NAGAR (5)-Hyderabad (M Corp.),9-UDAY NAGAR SLUM(5)-Hyderabad (M Corp.),10-NBT NAGAR(5)-Hyderabad (M Corp.),11-VillageName(5)-Hyderabad (M Corp.),12-ANAND NAGAR COLONY(4)-Hyderabad (M Corp.),13-FILM NAGAR(4)-Hyderabad (M Corp.),14-SINGADA BASTI(4)-Hyderabad (M Corp.),15-BHOLA NAGAR(4)-Hyderabad (M Corp.),16-GOWRI SHANKAR NAGAR WELFARE ASSOCIATION(3)-Hyderabad (M Corp.),17-M S MAKTHA RAJ NAGAR(3)-Hyderabad (M Corp.),18-SRI VENKATESWARA NAGAR(3)-Hyderabad (M Corp.),19-IAS QTRS ROAD NO 10 SRI VENKATESWARA NAGAR B N RE(3)-Hyderabad (M Corp.),20-MCH QTRS INDIRA NAGAR BJR NAGAR(3)-Hyderabad (M Corp.),21-Narayanaguda(3)-Hyderabad (M Corp.),22-CIB QTRS BEHIND LIBARARY GANDHI NAGAR(3)-Hyderabad (M Corp.),23-KHAIRTABAD TUMMALA BASTHI(3)-Hyderabad (M Corp.),Other",1,23,"0,0,0,0,0,0,0,0,0,0,0,0,0,0,0,0,0,0,0,0,0,0,0,0",NULL,NULL,Y
88382,106192.61,VILLAGE,15,"1-RAHAMATHNAGAR SLUM(17)-Hyderabad (M Corp.),2-SRI KRISHNAGAR (15)-Hyderabad (M Corp.),3-KARMIKANAGAR(11)-Hyderabad (M Corp.),4-ERRAGADDA(10)-Hyderabad (M Corp.),5-SHAIKPET(9)-Hyderabad (M Corp.),6-REHMATHNAGAR SLUM(9)-Hyderabad (M Corp.),7-VENGAL RAO NAGAR COLONY(7)-Hyderabad (M Corp.),8-HABEEB FATHIMA NAGAR(6)-Hyderabad (M Corp.),9-YOUSUF GUDA(6)-Hyderabad (M Corp.),10-SWARAJ NAGAR(6)-Hyderabad (M Corp.),11-JAVAHARNAGAR SLUM(6)-Hyderabad (M Corp.),12-SRI KRISHNAGAR BLOCK -B(6)-Hyderabad (M Corp.),13-SRI NAGAR COLONY(6)-Hyderabad (M Corp.),14-MADHURANAGAR(5)-Hyderabad (M Corp.),15-HYLAM NAGARVENKATAGIRI(5)-Hyderabad (M Corp.),16-RAJ NAGAR(5)-Hyderabad (M Corp.),17-RAJEEV NAGAR COLONY(5)-Hyderabad (M Corp.),18-KALYAN NAGAR VENTURE III(4)-Hyderabad (M Corp.),19-JYOTHI NAGAR(4)-Hyderabad (M Corp.),20-SRI RAM NAGAR SLUM(4)-Hyderabad (M Corp.),21-BHRAMASHANKAR NAGAR SLUM(4)-Hyderabad (M Corp.),22-SANJAYNAGAR WADDAR BASTI(4)-Hyderabad (M Corp.),23- VENKATAGIRI SLUM(4)-Hyderabad (M Corp.),Other",1,23,"0,0,0,0,0,0,0,0,0,0,0,0,0,0,0,0,0,0,0,0,0,0,0,0",NULL,NULL,Y
88383,106192.62,VILLAGE,15,"1-SANATHNAGAR(24)-Secunderabad (Cb),2-BALKAMPET(22)-Secunderabad (Cb),3-S.R.NAGAR(19)-Secunderabad (Cb),4-AMEERPET(16)-Secunderabad (Cb),5-begumpet(12)-Secunderabad (Cb),6-PATIGADDA(9)-Secunderabad (Cb),7-SARDAR PATEL ROAD(3)-Secunderabad (Cb),8-PENDER GHAST ROAD(4)-Secunderabad (Cb),9-PENDER GHAST ROAD.(2)-Secunderabad (Cb),10-PARK LANE(3)-Secunderabad (Cb),11-OLD GHASMANDI(3)-Secunderabad (Cb),12-PADMA RAO NAGAR(2)-Secunderabad (Cb),13-new boiguda(4)-Secunderabad (Cb),14-bholakpur(6)-Secunderabad (Cb),15-gandhi nagar(10)-Secunderabad (Cb),16-bansilalpet(4)-Secunderabad (Cb),17-PAN BAZAR(2)-Secunderabad (Cb),18-MONDA MARKET(3)-Secunderabad (Cb),19-RAMGREZ BAZAR(2)-Secunderabad (Cb),20-ASHOKNAGAR(2)-Secunderabad (Cb),21-RANGREZ BAZAR(3)-Secunderabad (Cb),22-MAHANKALI STREET(3)-Secunderabad (Cb),23-RAMGOPALPET(11)-Secunderabad (Cb),24-NALLAGUTTA(2)-Secunderabad (Cb),Other",1,24,"0,0,0,0,0,0,0,0,0,0,0,0,0,0,0,0,0,0,0,0,0,0,0,0,0",NULL,NULL,Y
88384,106192.63,VILLAGE,15,"1-MURAD NAGAR(25)-Hyderabad (M Corp.),2-ASIF NAGAR(23)-Hyderabad (M Corp.),3-AHMED NAGAR(22)-Hyderabad (M Corp.),4-HUMAYUN NAGAR(21)-Hyderabad (M Corp.),5-RED HILLS(15)-Hyderabad (M Corp.),6-VIJAY NAGAR COLONY(12)-Hyderabad (M Corp.),7-NAMPALLY(10)-Hyderabad (M Corp.),8-KISHAN NAGAR(9)-Hyderabad (M Corp.),9-AGHA PURA(8)-Hyderabad (M Corp.),10-SITARAM BAGH(8)-Hyderabad (M Corp.),11-AFZAL SAGAR(7)-Hyderabad (M Corp.),12-NEW MALLEPALLY(7)-Hyderabad (M Corp.),13-ZEBA BAGH(7)-Hyderabad (M Corp.),14-SAPTAGIRI COLONY(7)-Hyderabad (M Corp.),15-GOKUL NAGAR(7)-Hyderabad (M Corp.),16-SAIFABAD(7)-Hyderabad (M Corp.),17-vijaya nagar colony(7)-Hyderabad (M Corp.),18-PADMANABHA NAGAR(6)-Hyderabad (M Corp.),19-SANTOSH NAGAR COLONY(6)-Hyderabad (M Corp.),20-MALLEPALLY(5)-Hyderabad (M Corp.),21-OLD FEEL KHANA(5)-Hyderabad (M Corp.),22-MASAB TANK(5)-Hyderabad (M Corp.),23-SABER NAGAR(4)-Hyderabad (M Corp.),Other",1,23,"0,0,0,0,0,0,0,0,0,0,0,0,0,0,0,0,0,0,0,0,0,0,0,0",NULL,NULL,Y
88385,106192.64,VILLAGE,15,"1-Hakeempet(25)-Hyderabad (M Corp.),2-Ziaguda(22)-Hyderabad (M Corp.),3-Tolichowki(15)-Hyderabad (M Corp.),4-Subzimandi(14)-Hyderabad (M Corp.),5-MD lines(13)-Hyderabad (M Corp.),6-Risala Bazar(11)-Hyderabad (M Corp.),7-Prasanth Nagar(11)-Hyderabad (M Corp.),8-Kulsumpura(10)-Hyderabad (M Corp.),9-Tappachabutra(10)-Hyderabad (M Corp.),10-Tallagadda(10)-Hyderabad (M Corp.),11-Gudimalkapur(9)-Hyderabad (M Corp.),12-Bapu Nagar(8)-Hyderabad (M Corp.),13-Pensionpura(8)-Hyderabad (M Corp.),14-Kakatiya Nagar(7)-Hyderabad (M Corp.),15-Karwan(7)-Hyderabad (M Corp.),16-Saleh Nagar(6)-Hyderabad (M Corp.),17-Mehraj Colony(6)-Hyderabad (M Corp.),18-Jinsi Bazar(5)-Hyderabad (M Corp.),19-Netaji Nagar(5)-Hyderabad (M Corp.),20-Hashim Nagar(5)-Hyderabad (M Corp.),21-Badabazar(5)-Hyderabad (M Corp.),22-Takhat Bowli(5)-Hyderabad (M Corp.),23-Chotabazar(4)-Hyderabad (M Corp.),Other",1,23,"0,0,0,0,0,0,0,0,0,0,0,0,0,0,0,0,0,0,0,0,0,0,0,0",NULL,NULL,Y
88386,106192.65,VILLAGE,15,"1-DHOOLPET(21)-Hyderabad (M Corp.),2-AGHAPURA(14)-Hyderabad (M Corp.),3-GOSHAMAHAL(12)-Hyderabad (M Corp.),4-BEGUM BAZAR(10)-Hyderabad (M Corp.),5-Raheem Pura(9)-Hyderabad (M Corp.),6-MANGALHAT(9)-Hyderabad (M Corp.),7-MUSLIMJUNG BRIDGE(8)-Hyderabad (M Corp.),8-JUMMERATH BAZAR(8)-Hyderabad (M Corp.),9-ESAMIA BAZAR(8)-Hyderabad (M Corp.),10-JAMBAGH(8)-Hyderabad (M Corp.),11-BOGGULAKUNTA(7)-Hyderabad (M Corp.),12-SULTAN BAZAR(6)-Hyderabad (M Corp.),13-JIRRAH(6)-Hyderabad (M Corp.),14-CHIRAGALI LANE(5)-Hyderabad (M Corp.),15-Osman Shahi(5)-Hyderabad (M Corp.),16-RAMKOTE(5)-Hyderabad (M Corp.),17-MOZAM JAHI MARKET(5)-Hyderabad (M Corp.),18-FEELKHANA(5)-Hyderabad (M Corp.),19-MOZAMSHASHI(5)-Hyderabad (M Corp.),20-Natraj Nagar(5)-Hyderabad (M Corp.),21-AFZALGUNJ(5)-Hyderabad (M Corp.),22-CHOWRAHAJHINSI(4)-Hyderabad (M Corp.),23-SHIBLEE HILLS(4)-Hyderabad (M Corp.),24-CHAPAL ROAD(4)-Hyderabad (M Corp.),Other",1,24,"0,0,0,0,0,0,0,0,0,0,0,0,0,0,0,0,0,0,0,0,0,0,0,0,0",NULL,NULL,Y
88387,106192.66,VILLAGE,15,"1-MOGHALPURA(10)-Hyderabad (M Corp.),2-QAZI PURA(8)-Hyderabad (M Corp.),3-KHILWATH(7)-Hyderabad (M Corp.),4-SULTAN SHAHI(6)-Hyderabad (M Corp.),5-PETLA BURJ(5)-Hyderabad (M Corp.),6-Puranapool(5)-Hyderabad (M Corp.),7-Hussaini alam(5)-Hyderabad (M Corp.),8-LAL DARWAZA X ROAD(5)-Hyderabad (M Corp.),9-Doodh Bowli(5)-Hyderabad (M Corp.),10-Moosa Bowli(5)-Hyderabad (M Corp.),11-LAD BAZAR(5)-Hyderabad (M Corp.),12-DEVAN DEVDI(5)-Hyderabad (M Corp.),13-Shah gunj(4)-Hyderabad (M Corp.),14-Yakutpura(4)-Hyderabad (M Corp.),15-Chela pura(4)-Hyderabad (M Corp.),16-PURANI HAWALI(4)-Hyderabad (M Corp.),17-NOOR KHAN BAZAR(4)-Hyderabad (M Corp.),18-SHIBILI GUNJ(4)-Hyderabad (M Corp.),19-BIBI BAZAR(4)-Hyderabad (M Corp.),20-PANJESHA(4)-Hyderabad (M Corp.),21-KUKA KI TATTI(4)-Hyderabad (M Corp.),22-KALI KAMAN(4)-Hyderabad (M Corp.),23-SYED ALI CHABUTRA(4)-Hyderabad (M Corp.),24-KOMATHWADI(3)-Hyderabad (M Corp.),Other",1,24,"0,0,0,0,0,0,0,0,0,0,0,0,0,0,0,0,0,0,0,0,0,0,0,0,0",NULL,NULL,Y
88388,106192.67,VILLAGE,15,"1-HAFEEZ BABA NAGAR(30)-Hyderabad (M Corp.),2-BANDLAGUDA(30)-Hyderabad (M Corp.),3-JANGAMMET(29)-Hyderabad (M Corp.),4-EDI BAZAR(19)-Hyderabad (M Corp.),5-BARKAS(18)-Hyderabad (M Corp.),6-PHOOL BAGH(13)-Hyderabad (M Corp.),7-RIYASATH NAGAR(11)-Hyderabad (M Corp.),8-RAKSHAPURAM(11)-Hyderabad (M Corp.),9-UPPUGUDA(11)-Hyderabad (M Corp.),10-RIYASAT NAGAR(11)-Hyderabad (M Corp.),11-LALITHABAGH(11)-Hyderabad (M Corp.),12-CHANDRAYANGUTTA(9)-Hyderabad (M Corp.),13-MOIN BAGH(9)-Hyderabad (M Corp.),14-LALITHA BAGH(4)-Hyderabad (M Corp.),15-HAFEZ BABA NAGAR(4)-Hyderabad (M Corp.),16-KANCHAN BAGH(3)-Hyderabad (M Corp.),17-KHANCHANBAGH(3)-Hyderabad (M Corp.),18-RAKSHAPURAM COLONY R NAGAR(2)-Hyderabad (M Corp.),Other",1,18,"0,0,0,0,0,0,0,0,0,0,0,0,0,0,0,0,0,0,0",NULL,NULL,Y
88389,106192.68,VILLAGE,15,"1-MADANNAPET(20)-Hyderabad (M Corp.),2-YAKUTPURA(18)-Hyderabad (M Corp.),3-BHAVANI NAGAR(16)-Hyderabad (M Corp.),4-AMAN NAGAR A COLONY(15)-Hyderabad (M Corp.),5-SANTOSH NAGAR(9)-Hyderabad (M Corp.),6-WAHED COLONY(8)-Hyderabad (M Corp.),7-SARASWATHI NAGAR(8)-Hyderabad (M Corp.),8-CHATRI NAKA(8)-Hyderabad (M Corp.),9-YAKUTPURA MURTUZA NAGAR(8)-Hyderabad (M Corp.),10-GOWLI PURA(7)-Hyderabad (M Corp.),11-SINGARENI COLONY HUTS(7)-Hyderabad (M Corp.),12-MURAD MAHAL KATTA TALAB(7)-Hyderabad (M Corp.),13-DABEERPURA NAGA BOWLI(7)-Hyderabad (M Corp.),14-VINAY NAGAR COLONY(6)-Hyderabad (M Corp.),15-CHAMPAPET ROAD(6)-Hyderabad (M Corp.),16-KURMA GUDA(6)-Hyderabad (M Corp.),17-EDI BAZAR(6)-Hyderabad (M Corp.),18-SUBRAHMANYANAGAR(6)-Hyderabad (M Corp.),19-LAL DARWAZA(5)-Hyderabad (M Corp.),20-NASHEMAN NAGAR(5)-Hyderabad (M Corp.),21-OLD SANTOSH NAGAR NEW COLONY(5)-Hyderabad (M Corp.),22-RAIN BAZAR(5)-Hyderabad (M Corp.),23-YAKUTPURA SRT COLONY(4)-Hyderabad (M Corp.),24-KALANDER NAGAR(4)-Hyderabad (M Corp.),Other",1,24,"0,0,0,0,0,0,0,0,0,0,0,0,0,0,0,0,0,0,0,0,0,0,0,0,0",NULL,NULL,Y
88390,106192.69,VILLAGE,15,"1-JAHANUMA(20)-Hyderabad (M Corp.),2-KISHAN BAGH(18)-Hyderabad (M Corp.),3-ALIYABAD(13)-Hyderabad (M Corp.),4-VATTE PALLY(13)-Hyderabad (M Corp.),5-TADBAN(11)-Hyderabad (M Corp.),6-FATIMA NAGAR(10)-Hyderabad (M Corp.),7-SANJAY GANDHI NAGAR(9)-Hyderabad (M Corp.),8-NANDI MUSLAIGUDA(9)-Hyderabad (M Corp.),9-FALAKNUMA(8)-Hyderabad (M Corp.),10-KALA PATHER(8)-Hyderabad (M Corp.),11-MUSTAFA NAGAR(8)-Hyderabad (M Corp.),12-ACCHI REDDY NAGAR(7)-Hyderabad (M Corp.),13-MACCA COLONY(7)-Hyderabad (M Corp.),14-OSMAN BAGH(6)-Hyderabad (M Corp.),15-CHANDULAL BARADARI(6)-Hyderabad (M Corp.),16-NANDI MUSLAI GUDA(5)-Hyderabad (M Corp.),17-HASHAMABAD(5)-Hyderabad (M Corp.),18-RAMNASPURA(5)-Hyderabad (M Corp.),19-BAHADURPURA(5)-Hyderabad (M Corp.),20-DEVI BAGH(4)-Hyderabad (M Corp.),21-MISRI GUNJ(4)-Hyderabad (M Corp.),22-GAZI BANDA(4)-Hyderabad (M Corp.),23-ASAD BABA NAGAR(4)-Hyderabad (M Corp.),Other",1,23,"0,0,0,0,0,0,0,0,0,0,0,0,0,0,0,0,0,0,0,0,0,0,0,0",NULL,NULL,Y
88391,106192.70,VILLAGE,15,"1-LALAGUDA(25)-Secunderabad,2-NEHRUNAGAR EAST(11)-Secunderabad,3-CHILKALGUDA(19)-Secunderabad,4-NEW ASHOK NAGAR(13)-Secunderabad,5-WARASIGUDA(16)-Secunderabad,6-SEETHAPALMANDI(16)-Secunderabad,7-BOUDHA NAGAR(16)-Secunderabad,8-OSMANIA UNIVERSITY(10)-Secunderabad,9-Nagarjuna nagar(5)-Secunderabad,10-Tarnaka(12)-Secunderabad,11-LALAPET(20)-Secunderabad,12-METTUGUDA(13)-Secunderabad,13-BATHKAMMAKUNTA(7)-Secunderabad,14-MAHAMOODGUDA(5)-Secunderabad,Other",1,14,"0,0,0,0,0,0,0,0,0,0,0,0,0,0,0",NULL,NULL,Y
88392,106192.71,VILLAGE,15,"1-CANTOMENT PUMPHOUSE RLY CLY MAREDUPALLY(2)-Secunderabad,2-BALAMRAI(10)-Secunderabad,3-Tarbund(2)-Secunderabad,4-Chinna Thokatta Bowenpally(9)-Secunderabad,5-Pension Lines Bowenpally(4)-Secunderabad,6-TRIMULGHERRY(8)-Secunderabad,7-GUN ROCK(3)-Secunderabad,8-KAKAGUDA(6)-Secunderabad,9-KARKHANA(6)-Secunderabad,10-MUDFORT(3)-Secunderabad,11-WELLINGTON ROAD(2)-Secunderabad,12-PICKET(6)-Secunderabad,13-MARKET STREET SECUNDERABAD(2)-Secunderabad,14-REGIMENTAL BAZAR(4)-Secunderabad,15-WEST MARREDPALLY(7)-Secunderabad,16-MARRED PALLY(4)-Secunderabad,17-MAHENDRA HILLS MARREDPALLY(2)-Secunderabad,18-GUN BAZAR BEGUMPET(13)-Secunderabad,19-RASOOLPURA(10)-Secunderabad,20-HIMMATNAGAR(5)-Secunderabad,21-POINEER BAZAR(5)-Secunderabad,Other",1,21,"0,0,0,0,0,0,0,0,0,0,0,0,0,0,0,0,0,0,0,0,0,0",NULL,NULL,Y
88393,106192.72,VILLAGE,15,"1-Kosgi(21)-Town,2-Sarjakhanpet(3)-Kosgi,3-Thogapur(3)-Kosgi,4-Dudyal(6)-Bomraspet,5-Kudrimalla(4)-Doultabad,6-Hasnabad(6)-Kodangal,7-Kodangal(12)-Town,8-Bomraspeta(6)-Bomraspet,9-Metlakunta(4)-Bomraspet,10-Regadmailwar(4)-Bomraspet,11-Angadi Raichur(4)-Kodangal,12-Rudraram(7)-Kodangal,13-Ravalpalle(4)-Kodangal,14-Neetur(4)-Doultabad,15-Doulatabad(8)-Doultabad,16-Devarfaslawad(4)-Doultabad,17-Maddur(10)-Maddur,18-Renvatla(8)-Maddur,19-Boneed(4)-Maddur,20-Nidjinta(4)-Maddur,21-Gundmal(8)-Kosgi,22-Dorepalle(7)-Maddur,23-Balabhadraipalle(2)-Kosgi,Other",1,23,"0,0,0,0,0,0,0,0,0,0,0,0,0,0,0,0,0,0,0,0,0,0,0,0",NULL,NULL,Y
88394,106192.73,VILLAGE,15,"1-Narayanpet Nagar Panchayat(42)-Town,2-Perapalla (5)-Narayanpet,3-Jajapur (5)-Narayanpet,4-Kollampalle (8)-Narayanpet,5-Dhanwada (10)-Dhanwada,6-Marikal (11)-Dhanwada,7-Kistapur(4)-Dhanwada,8-Gotur(5)-Dhanwada,9-Kondapur (4)-Dhanwada,10-Garlapad (4)-Koilkonda,11-Kesavapur (3)-Koilkonda,12-Parpalle (4)-Koilkonda,13-Koilkonda (5)-Koilkonda,14-Vinjamur(7)-Koilkonda,15-Kotakonda (7)-Narayanpet,16-Abhangapur(4)-Narayanpet,17-Bapanpalle (4)-Damaragidda,18-Mogalamadka (4)-Damaragidda,19-Malreddipalle (3)-Damaragidda,20-Kanukurthy (5)-Damaragidda,21-Damaragidda (7)-Damaragidda,Other",1,21,"0,0,0,0,0,0,0,0,0,0,0,0,0,0,0,0,0,0,0,0,0,0",NULL,NULL,Y
88395,106192.74,VILLAGE,15,"1-Mahbubnagar(156)-Town,2-POLITECHNIC AREA(5)-Mahbubnagar,3-RAJENDRA NAGAR(9)-Mahbubnagar,4-SHAH SHAB GUTTA(8)-Mahbubnagar,5-VENKATESHWARA COLONY(11)-Mahbubnagar,6-YENUGONDA(8)-Mahbubnagar,7-Zainallipur(4)-Mahabubnagar_rural,8-Kothapeta(5)-Hanwada,9-Tankara(5)-Hanwada,10-Budharam(3)-Hanwada,11-Ibrahimbad(7)-Hanwada,12-Gundyala(10)-Hanwada,13-Vepoor(6)-Hanwada,14-Hanwada(14)-Hanwada,15-Venkatapur(4)-Mahabubnagar_rural,16-Dharmapur(3)-Mahabubnagar_rural,17-Kodur(6)-Mahabubnagar_rural,18-Ramchandrapur(3)-Mahabubnagar_rural,19-Mahbubnagar (R) (Og)(5)-Mahbubnagar,20-Kotakadira(6)-Town,Other",1,20,"0,0,0,0,0,0,0,0,0,0,0,0,0,0,0,0,0,0,0,0,0",NULL,NULL,Y
88396,106192.75,VILLAGE,15,"1-Badepalle Census Town(33)-Town,2-Jadcherla Census Town(18)-Town,3-Gangapur (5)-Jadcherla,4-Vaspula (3)-Midjil,5-Chiluveru (4)-Midjil,6-Midjil (4)-Midjil,7-Urkonda (3)-Midjil,8-Kodgal (7)-Jadcherla,9-Peddarivalle (4)-Balanagar,10-Mothighanapur (5)-Balanagar,11-Nerellapalle (5)-Balanagar,12-Rangareddiguda(4)-Balanagar,13-Rajapur(7)-Balanagar,14-Kuchoor (3)-Nawabpet,15-Polepalle (4)-Jadcherla,16-Uddandapur (3)-Jadcherla,17-Karkonda (3)-Nawabpet,18-Yemmanagandla(5)-Nawabpet,19-Ippatur (4)-Nawabpet,20-Kolloor (5)-Nawabpet,Other",1,20,"0,0,0,0,0,0,0,0,0,0,0,0,0,0,0,0,0,0,0,0,0",NULL,NULL,Y
88397,106192.76,VILLAGE,15,"1-Devarakadara (9)-Devarkadara,2-Dokur(3)-Devarkadara,3-Gopanpalle(3)-Devarkadara,4-Koukuntla (5)-Devarkadara,5-Chinnachintakunta (7)-Chinna_chintha_kunta,6-Duppalle (5)-Chinna_chintha_kunta,7-Ajjakollu (4)-Kothakota,8-Konnur (4)-Kothakota,9-Kothakota (22)-Kothakota,10-Palem (4)-Kothakota,11-Kanimetta (4)-Kothakota,12-Addakal (6)-Addakal,13-Kandur(6)-Addakal,14-Sankalamaddi (4)-Addakal,15-Janampet (5)-Addakal,16-Tadikonda (5)-Bhoothpur,17-Bhoothpur (7)-Bhoothpur,18-Amistapur (7)-Bhoothpur,19-Karvena (6)-Bhoothpur,Other",1,19,"0,0,0,0,0,0,0,0,0,0,0,0,0,0,0,0,0,0,0,0",NULL,NULL,Y
88398,106192.77,VILLAGE,15,"1-Makthal (20)-Makthal,2-Kunsi (4)-Maganoor,3-Maganoor (4)-Maganoor,4-Gudebellur (6)-Maganoor,5-Hindupur (7)-Maganoor,6-Karni (4)-Makthal,7-Sangambanda (3)-Makthal,8-Utkoor (12)-Utkoor,9-Peddajatram (6)-Utkoor,10-Bijwar (4)-Utkoor,11-Pulmamidi (6)-Utkoor,12-Jaklair (6)-Makthal,13-Kanmanur(4)-Narva,14-Jinnaram (3)-Narva,15-Lankal (4)-Narva,16-Narva (4)-Narva,17-Amarchinta (12)-Atmakur,18-Nandimalla (4)-Atmakur,19-Atmakur (14)-Atmakur,20-Anugonda (4)-Makthal,21-Manthangoud (4)-Makthal,22-Wadwat (4)-Maganoor,Other",1,22,"0,0,0,0,0,0,0,0,0,0,0,0,0,0,0,0,0,0,0,0,0,0,0",NULL,NULL,Y
88399,106192.78,VILLAGE,15,"1-Wanaparthy Municipality(61)-Town,2-Edutla (6)-Gopalpeta,3-Edula (6)-Gopalpeta,4-Gopalpet (8)-Gopalpeta,5-Buddaram (7)-Gopalpeta,6-Pamireddipally (4)-Peddamandadi,7-Mamidimada (5)-Ghanpur,8-Ghanpur (8)-Ghanpur,9-Manajipet (6)-Ghanpur,10-Solipur (4)-Ghanpur,11-Veltoor (5)-Peddamandadi,12-Maddigatla (6)-Peddamandadi,13-Manigilla (4)-Peddamandadi,14-Peddamandadi(10)-Town,15-Chityal (5)-Wanaparthy,16-Nagavaram (4)-Wanaparthy,17-Peddagudem (5)-Wanaparthy,18-Srinivaspur (4)-Wanaparthy,19-Kanchiraopally (5)-Pebbair,20-Pebbair (13)-Pebbair,21-Srirangapur (9)-Pebbair,22-Gummadam (5)-Pebbair,Other",1,22,"0,0,0,0,0,0,0,0,0,0,0,0,0,0,0,0,0,0,0,0,0,0,0",NULL,NULL,Y
88400,106192.79,VILLAGE,15,"1-Gadwal Municipality(64)-Town,2-Jammiched (5)-Gadwal,3-Ananthapur (6)-Gadwal,4-Pudur (11)-Gadwal,5-Palwai (4)-Maldakal,6-D.amarvai (4)-Maldakal,7-Bijjawaram (7)-Maldakal,8-Maldakal (9)-Maldakal,9-Yelkur (6)-Maldakal,10-Maddelabanda (5)-Maldakal,11-Aragidda (4)-Ghattu,12-Chagadona (6)-Ghattu,13-Induvasi (5)-Ghattu,14-Balgera (4)-Ghattu,15-Macherla (5)-Ghattu,16-Ghattu (7)-Ghattu,17-Aloor (6)-Ghattu,18-Dharur (9)-Dharur,19-Atmakur (4)-Dharur,20-Palcherla (4)-Dharur,21-Chintarevula(7)-Dharur,22-Upperu (8)-Dharur,23-Neelahalli (4)-Dharur,Other",1,23,"0,0,0,0,0,0,0,0,0,0,0,0,0,0,0,0,0,0,0,0,0,0,0,0",NULL,NULL,Y
88401,106192.80,VILLAGE,15,"1-Alampur (13)-Town,2-Linganvai (5)-Alampur,3-Kyathur (5)-Alampur,4-Thakkasila (4)-Alampur,5-Chandur (4)-Itikyal,6-Jallapur (4)-Manopad,7-Manopad (5)-Manopad,8-Sasanool (6)-Itikyal,9-Thimmapur (9)-Itikyal,10-Kondair (6)-Itikyal,11-Itikyal (6)-Itikyal,12-Chagapoor (6)-Itikyal,13-Ramapuram (6)-Waddepalle,14-Waddepally (11)-Waddepalle,15-Rajoli (13)-Waddepalle,16-Tanagala (6)-Waddepalle,17-Uppal (9)-Ieez,18-Chinna tandrapadu(7)-Ieez,19-Medikonda (8)-Ieez,20-Pullikal (10)-Ieez,21-Sindhanoor (7)-Ieez,22-Uthanur (7)-Ieez,Other",1,22,"0,0,0,0,0,0,0,0,0,0,0,0,0,0,0,0,0,0,0,0,0,0,0",NULL,NULL,Y
88402,106192.81,VILLAGE,15,"1-Nagarkurnool Census Town(27)-Town,2-Yendabetla (3)-Nagar_kurnool,3-Kummera (3)-Tadoor,4-Indrakal (3)-Tadoor,5-Yedireddipally (3)-Tadoor,6-Thadoor (5)-Tadoor,7-Manthati (4)-Nagar_kurnool,8-Karvanga (5)-Telkapalle,9-Telkapally (11)-Telkapalle,10-Alair (5)-Telkapalle,11-Peddur (5)-Telkapalle,12-Peddapally (4)-Telkapalle,13-Wanapatla (3)-Nagar_kurnool,14-Sripur (4)-Nagar_kurnool,15-Bijinepally (8)-Bijinapalle,16-Gangaram (6)-Bijinapalle,17-Lattupally(8)-Bijinapalle,18-Bijinepally (8)-Bijinapalle,19-Vattem (6)-Bijinapalle,20-Thimmajipet(4)-Thimmajipeta,21-Gorita (4)-Thimmajipeta,22-Marikal (4)-Thimmajipeta,23-Avancha (6)-Thimmajipeta,Other",1,23,"0,0,0,0,0,0,0,0,0,0,0,0,0,0,0,0,0,0,0,0,0,0,0,0",NULL,NULL,Y
88403,106192.82,VILLAGE,15,"1-Achampet Census Town(21)-Town,2-Polisettypally (4)-Balmoor,3-Uppununthala (3)-Uppunuthala,4-Tangapur Census Town(8)-Town,5-Balmoor (5)-Balmoor,6-Gattuthummen (4)-Balmoor,7-Ambatpally (5)-Lingal,8-Lingal (15)-Lingal,9-Kondanagula (5)-Balmoor,10-Rangapur (4)-Achampet,11-Mannanoor (6)-Amrabad,12-Amrabad(19)-Amrabad,13-Padara (9)-Amrabad,14-Vankeswaram (9)-Amrabad,15-Inole (5)-Achampet,16-Nadim Pally (4)-Achampet,17-Tadoor(3)-Uppunuthala,18-Veltoor (3)-Uppunuthala,19-Vangoor (8)-Vangoor,20-Charakonda (9)-Vangoor,Other",1,20,"0,0,0,0,0,0,0,0,0,0,0,0,0,0,0,0,0,0,0,0,0",NULL,NULL,Y
88404,106192.83,VILLAGE,15,"1-Kalwakurthy Census Town(29)-Town,2-Panjugul(7)-Kalwakurthy,3-Tharnikal Tanda(5)-Kalwakurthy,4-Marchal(5)-Kalwakurthy,5-Jillella(3)-Kalwakurthy,6-Pothepalle(4)-Veldanda,7-Veldanda(6)-Veldanda,8-Cherkur(5)-Veldanda,9-Kuppagandla(4)-Veldanda,10-Gattu Ippalapalle(5)-Talakondapally,11-Veljala(8)-Talakondapally,12-Rampur(5)-Talakondapally,13-Talakondapalle(7)-Talakondapally,14-Padakal(5)-Talakondapally,15-Kadthal(4)-Amangal,16-Amangal(27)-Amangal,17-Akuthotapalle(4)-Amangal,18-Nagilla(5)-Madgul,19-Kalakonda(5)-Madgul,20-Arkapalle(5)-Madgul,21-Madgul(7)-Madgul,Other",1,21,"0,0,0,0,0,0,0,0,0,0,0,0,0,0,0,0,0,0,0,0,0,0",NULL,NULL,Y
88405,106192.84,VILLAGE,15,"1-Shadnagar(38)-Town,2-Burgul(5)-Farooqnagar,3-Pomalpalle(3)-Keshampet,4-Nirdavally(3)-Keshampet,5-Keshampeta(5)-Keshampet,6-Kothapeta(4)-Keshampet,7-Siddapur(4)-Kothur,8-Sangam(3)-Keshampet,9-Inmulnarva(6)-Kothur,10-Kothur(14)-Town,11-Thimmapur(4)-Kothur,12-Chegur(8)-Kothur,13-Mamidipalle(4)-Kothur,14-Veerlapalle(4)-Kothur,15-Kishannagar(4)-Farooqnagar,16-Kamsanpalle(4)-Farooqnagar,17-Chinchod(4)-Farooqnagar,18-Edira(5)-Kondurg,19-Kondurg-west (5)-Kondurg,20-Jilled(5)-Kondurg,21-Padmaram(3)-Kondurg,22-Pedda Yelkicherla(3)-Kondurg,Other",1,22,"0,0,0,0,0,0,0,0,0,0,0,0,0,0,0,0,0,0,0,0,0,0,0",NULL,NULL,Y
88406,106192.85,VILLAGE,15,"1-Kollapur(45)-Town,2-Pentlavelly (10)-Kollapur,3-Yellur(7)-Kollapur,4-Kudikilla (5)-Kollapur,5-Kalwakole (6)-Peddakothapalle,6-Sathapur (5)-Peddakothapalle,7-Peddakarpamula(5)-Peddakothapalle,8-Peddakothapally (6)-Peddakothapalle,9-Vennacharla (6)-Peddakothapalle,10-Kodair (7)-Kodair,11-Yetham (4)-Kodair,12-Mylaram (5)-Kodair,13-Singaipally (4)-Kodair,14-Remaddula (5)-Pangal,15-Pangal (6)-Pangal,16-Kethepally (5)-Pangal,17-Tellarallapally (4)-Pangal,18-Kalwarala(5)-Pangal,19-Weepanagandla (4)-Veepangandla,20-Thoomukunta (4)-Veepangandla,21-Bekkem (5)-Veepangandla,Other",1,21,"0,0,0,0,0,0,0,0,0,0,0,0,0,0,0,0,0,0,0,0,0,0",NULL,NULL,Y
88407,106192.86,VILLAGE,15,"1-Devarakonda Census Town(30)-Town,2-Mudigonda (7)-Devarakonda,3-Kondabhemanipally(5)-Devarakonda,4-Kondamallapalle Census Town(10)-Town,5-Gudipally(4)-Papally,6-Angadipeta X Road(5)-Papally,7-Waddipatla(5)-Papally,8-Azmapur(4)-Papally,9-Tatikole (7)-Devarakonda,10-Polepllay (5)-Chandampet,11-Teldevarapally (4)-Chandampet,12-Gonaboinapally (5)-Gundlapalle,13-Gundlapally (7)-Gundlapalle,14-Cherkupally (6)-Gundlapalle,15-Towkalapur(5)-Gundlapalle,16-Vinjamoor (6)-Chinthapalle,17-Chinthapally (5)-Chinthapalle,18-Kurmapally (4)-Chinthapalle,19-Kurmed (5)-Chinthapalle,20-Godakondla (6)-Chinthapalle,Other",1,20,"0,0,0,0,0,0,0,0,0,0,0,0,0,0,0,0,0,0,0,0,0",NULL,NULL,Y
88408,106192.87,VILLAGE,15,"1-Perur (9)-Anumula_haliya,2-Kothapalle(4)-Anumula_haliya,3-Ibrahim pet (5)-Anumula_haliya,4-Nidmanoor (7)-Nidamanur,5-Kannekal (6)-Nidamanur,6-Thummadam (11)-Nidamanur,7-Thripuraram (6)-Thripuraram,8-Pedda devula pally (5)-Thripuraram,9-Bejjikal (5)-Thripuraram,10-Borrai palem (4)-Thripuraram,11-Matur (6)-Thripuraram,12-Rajavaram (5)-Anumula_haliya,13-Chintalapalem (22)-Peddavura,14-Nellikal(6)-Peddavura,15-Chalakurthy(6)-Peddavura,16-Thungathurthy(5)-Peddavura,17-Pulicherla (5)-Peddavura,18-Tirmalagiri (4)-Anumula_haliya,19-Peddavoora (5)-Peddavura,20-Chepur (4)-Gurrampode,21-Gurrampode (4)-Gurrampode,22-Kopol(6)-Gurrampode,23-Nagarjuna Sagar Nagar Panchayat-Town,24-Anumula (3)- Anumula,25-Haliya Municipality (17)-Town,Other",1,25,"0,0,0,0,0,0,0,0,0,0,0,0,0,0,0,0,0,0,0,0,0,0,0,0,0,0",NULL,NULL,Y
88409,106192.88,VILLAGE,15,"1-Miryalaguda Municipality(105)-Town,2-Alagadapa (7)-Miryalaguda,3-Yadgarpally (5)-Miryalaguda,4-Itikyala (3)-Vemulapalle,5-Tadkamalla(6)-Miryalaguda,6-Ravula penta (4)-Vemulapalle,7-Amangal (5)-Vemulapalle,8-Salkunoor (4)-Vemulapalle,9-Thopucharla (4)-Vemulapalle,10-Vemulapally (5)-Vemulapalle,11-Nandi Pahad (6)-Miryalaguda,12-Venkatadri Palem (8)-Miryalaguda,13-Thunga Pahad (8)-Miryalaguda,14-Chintha Pally (4)-Miryalaguda,15-Dilavarpur (8)-Damaracherla,16-Kesawapur (5)-Damaracherla,17-Kondrapole (6)-Damaracherla,18-Damercherla (12)-Damaracherla,19-Wadapally (7)-Damaracherla,20-Veerlapalem (5)-Damaracherla,21-Advidevulapally(4)-Damaracherla,Other",1,21,"0,0,0,0,0,0,0,0,0,0,0,0,0,0,0,0,0,0,0,0,0,0",NULL,NULL,Y
88410,106192.89,VILLAGE,15,"1-Huzur Nagar(36)-Town,2-Lingagiri(6)-Huzur Nagar,3-Vepalasingaram(6)-Huzur Nagar,4-Amaravaram(5)-Huzur Nagar,5-Burugadda (3)-Huzur Nagar,6-Lakkavaram(3)-Huzur Nagar,7-Ponugode (9)-Garidepalle,8-Garidepally(8)-Garidepalle,9-Rayanigudem (8)-Garidepalle,10-Velidanda (6)-Garidepalle,11-Kalmalchervu (6)-Garidepalle,12-Gaddipally (5)-Garidepalle,13-Sarvaram (4)-Garidepalle,14-Peddaveedu (9)-Mattampalle,15-Mattampally (8)-Mattampalle,16-Yathavakilla (7)-Mattampalle,17-Raghunathpalem (6)-Mattampalle,18-Choutapally (6)-Mattampalle,19-Mattapally (4)-Mattampalle,20-Wardapuram (4)-Mattampalle,21-Mellacheruvu (15)-Mellachervu,22-Dondapadu (10)-Mellachervu,23-Ramapuram (7)-Mellachervu,24-Chinthalapalem (7)-Mellachervu,25-Kandibanda (6)-Mellachervu,26-Hemlathanda (4)-Mellachervu,27-Thammmaram (4)-Mellachervu,28-Revoor (4)-Mellachervu,29-Neredcharla (14)-Neredcherla,30-Dirsincharla (8)-Neredcherla,31-Janpahad (4)-Neredcherla,32-Kallur (4)-Neredcherla,33-Somaram (4)-Neredcherla,34-Palakeedu (4)-Neredcherla,35-Penchikal Dinna (3)-Neredcherla,36-Gundlapahad (3)-Neredcherla,Other",1,36,"0,0,0,0,0,0,0,0,0,0,0,0,0,0,0,0,0,0,0,0,0,0,0,0,0,0,0,0,0,0,0,0,0,0,0,0,0",NULL,NULL,Y
88411,106192.90,VILLAGE,15,"1-Kodad (65)-Town,2-Chimiryala (7)-Kodad,3-T.b.palem (7)-Kodad,4-Kapagalu (5)-Kodad,5-Komarabanda (5)-Kodad,6-Ganapavaram (5)-Kodad,7-Gudibanda (5)-Kodad,8-Gondriyala (5)-Kodad,9-Thogarrai (4)-Kodad,10-Dorakunta (3)-Kodad,11-Bethavloe (8)-Chilkur,12-Chilkur (8)-Chilkur,13-J.p.gudem (4)-Chilkur,14-Kondapuram (3)-Chilkur,15-Ramapuram (3)-Chilkur,16-Janakinagar (3)-Chilkur,17-Sirikonda (5)-Mothey,18-Ravi Pahad (4)-Mothey,19-Vibhala Poor (4)-Mothey,20-Urlugonda (4)-Mothey,21-Burka Cherla (4)-Mothey,22-Namavaram (3)-Mothey,23-Hussainbad(3)-Mothey,24-Munagala (7)-Munagala,25-Bharakatgudem (5)-Munagala,26-Akupamula (5)-Munagala,27-Repala (5)-Munagala,28-Narasimhulagudem (4)-Munagala,29-Nelamarry (3)-Munagala,30-Mukundapuram (3)-Munagala,31-Nadigudem (5)-Nadigudem,32-Vallapuram (4)-Nadigudem,33-Siripuram (4)-Nadigudem,34-Palaram (3)-Nadigudem,35-Tripuraram (3)-Nadigudem,36-Voilsingaram (3)-Nadigudem,Other",1,36,"0,0,0,0,0,0,0,0,0,0,0,0,0,0,0,0,0,0,0,0,0,0,0,0,0,0,0,0,0,0,0,0,0,0,0,0,0",NULL,NULL,Y
88412,106192.91,VILLAGE,15,"1-Suryapet Municipality(107)-Town,2-Pillalamarry(9)-Suryapet,3-Balamla (5)-Suryapet,4-Yandlapally (5)-Suryapet,5-Yerkaram  (5)-Suryapet,6-Tekumatla (4)-Suryapet,7-Kesaram (4)-Suryapet,8-Kasarabad (3)-Suryapet,9-Imampet (3)-Suryapet,10-Tk Pahad (3)-Suryapet,11-Dasai Gudem(3)-Suryapet,12-Chivemla (8)-Chivvemla,13-Kudakuda (8)-Chivvemla,14-V.k. Pahad (5)-Chivvemla,15-V.k. Pahad(5)-Chivvemla,16-Chandu Patla (4)-Chivvemla,17-Duraj Palli (4)-Chivvemla,18-Beebi Gudem (4)-Chivvemla,19-Thirumalagiri (3)-Chivvemla,20-Thimma Puram (3)-Chivvemla,21-Vallabhapuram(2)-Chivvemla,22-Cheedella (6)-Penpahad,23-N.annaram (4)-Penpahad,24-Anantharam (4)-Penpahad,25-G.mallka Poor (4)-Penpahad,26-Penpahad (3)-Penpahad,27-Doophad (3)-Penpahad,28-Macharam(3)-Penpahad,29-Lingala (3)-Penpahad,30-Dharma Puram (3)-Penpahad,31-Anajipuram (3)-Penpahad,32-Dosa Pahad (2)-Penpahad,Other",1,32,"0,0,0,0,0,0,0,0,0,0,0,0,0,0,0,0,0,0,0,0,0,0,0,0,0,0,0,0,0,0,0,0,0",NULL,NULL,Y
88413,106192.92,VILLAGE,15,"1-Chityala Census Town(14)-Town,2-Anneparthy (4)-Nalgonda,3-Appajipeta (4)-Nalgonda,4-Kanchanpally (3)-Nalgonda,5-Narsinghbatla (5)-Nalgonda,6-Regatla(5)-Kangal,7-Ponugode (4)-Kangal,8-G Yadavally (6)-Kangal,9-Pagidi Marri(3)-Kangal,10-Charla Gouraram(3)-Kangal,11-Kanagal (4)-Kangal,12-Cherla Gouraram (3)-Kangal,13-Mushampally (3)-Nalgonda,14-Rajpet (4)-Thipparthi,15-Cheruvupally (3)-Thipparthi,16-Thiparthy (8)-Thipparthi,17-Mamidala (6)-Thipparthi,18-Suraram (4)-Thipparthi,19-Chandanpally (3)-Nalgonda,20-Dandampally (3)-Nalgonda,Other",1,20,"0,0,0,0,0,0,0,0,0,0,0,0,0,0,0,0,0,0,0,0,0",NULL,NULL,Y
88414,106192.93,VILLAGE,15,"1-Munugode (11)-Munugode,2-Cheekatimamidi (3)-Munugode,3-Puttapaka (5)-Narayanapur,4-Sarvail (7)-Narayanapur,5-Thangedpally (7)-Choutuppal,6-Choutuppal (20)-Choutuppal,7-Lingojigudem (4)-Choutuppal,8-D.nagaram (7)-Choutuppal,9-Narayanapuram (8)-Narayanapur,10-Jangam (6)-Narayanapur,11-Vaillapalle(5)-Narayanapur,12-Gatuppal (7)-Chandur,13-Teratpally (4)-Chandur,14-Khudabaksh Palle(4)-Marriguda,15-Indurthy (7)-Marriguda,16-Marriguda (4)-Marriguda,17-Damera Bheeman Palle (5)-Marriguda,18-Nerellapally (3)-Nampalle,19-Chandur (11)-Chandur,20-Bangarigadda (3)-Chandur,21-Peddapur (4)-Nampalle,22-Nampally (4)-Nampalle,23-Pasnoor (5)-Nampalle,Other",1,23,"0,0,0,0,0,0,0,0,0,0,0,0,0,0,0,0,0,0,0,0,0,0,0,0",NULL,NULL,Y
88415,106192.94,VILLAGE,15,"1-Bhongir Municipality(54)-Town,2-Raigir (9)-Bhongiri,3-Basvapur (3)-Bhongiri,4-Hanmapur (3)-Bhongiri,5-Gudur (3)-Bibinagar,6-Kondamadugu (5)-Bibinagar,7-Bibinagar (9)-Bibinagar,8-Chinna Ravula Pally (4)-Bibinagar,9-Juloor (6)-Pochampalle,10-Pillaipally (4)-Pochampalle,11-Pochampally (13)-Pochampalle,12-Jiblakpally (4)-Pochampalle,13-Indriyala(3)-Pochampalle,14-Bollepally (5)-Bhongiri,15-Nandanam (3)-Bhongiri,16-Poddatur(5)-Valigonda,17-Gokaram (4)-Valigonda,18-Voligonda(8)-Valigonda,19-Redla Repaka (4)-Valigonda,20-Puligilla (4)-Valigonda,21-Arrur (5)-Valigonda,Other",1,21,"0,0,0,0,0,0,0,0,0,0,0,0,0,0,0,0,0,0,0,0,0,0",NULL,NULL,Y
88416,106192.95,VILLAGE,15,"1-Nakrekal Census Town(30)-Nakrekal,2-Mangalpalli (4)-Nakrekal,3-Inupamula (4)-Kethepalle,4-Keyhepally(6)-Kethepalle,5-Chandupatla (5)-Nakrekal,6-Nomula (5)-Nakrekal,7-Gudiwada (4)-Kethepalle,8-Aitipamula (6)-Kattangoor,9-Kattangur (7)-Kattangoor,10-Eduloor (6)-Kattangoor,11-Narketpally (9)-Narketpalle,12-Juvvigudem (4)-Narketpalle,13-Chityal(14)-Chityala,14-Pedakaparthy (5)-Chityala,15-Chinakaparthy (4)-Chityala,16-Velminedu (7)-Chityala,17-Ramannapet (11)-Ramannapeta,18-Siripuram (5)-Ramannapeta,19-Indrapalanagar (5)-Ramannapeta,20-Dugunevelly (6)-Kattangoor,21-Chervu Annaram (4)-Kattangoor,Other",1,21,"0,0,0,0,0,0,0,0,0,0,0,0,0,0,0,0,0,0,0,0,0,0",NULL,NULL,Y
88417,106192.96,VILLAGE,15,"1-Thungathurthy (11)-Thungathurthy,2-Vempati (6)-Thungathurthi,3-Velugu Pally (5)-Thungathurthi,4-Annaram (5)-Thungathurthi,5-Gottiparthy (5)-Thungathurthi,6-Ravulapally (3)-Thungathurthi,7-Karvirala (3)-Thungathurthi,8-Jaji Reddy Gudem (10)-Jajireddigudem,9-Wardhman Kota (8)-Jajireddigudem,10-Kommala (4)-Jajireddigudem,11-Kodur (4)-Jajireddigudem,12-Thimmapur (3)-Jajireddigudem,13-Shaligowraram (7)-Shaligowraram,14-Chithaloor (6)-Shaligowraram,15-Akaram (4)-Shaligowraram,16-Vallala (4)-Shaligowraram,17-Madharam (4)-Shaligowraram,18-Vootkur (3)-Shaligowraram,19-Nuthankal (6)-Nuthankal,20-Maddirala (5)-Nuthankal,21-Miryala (5)-Nuthankal,22-Polmalla (4)-Nuthankal,23-Gorentla (4)-Nuthankal,24-Thalla Singarm (4)-Nuthankal,25-Yerraphad (4)-Nuthankal,26-Tirmalagiri (13)-Thirumalagiri,27-Panigiri (5)-Thirumalagiri,28-Thonda (4)-Thirumalagiri,29-Velishala (4)-Thirumalagiri,30-Tatipamula (4)-Thirumalagiri,31-Jalalpuram (4)-Thirumalagiri,32-Mothkur (13)-Mothkur,33-Addagudur (6)-Mothkur,34-Gattu Singaram (5)-Mothkur,35-Veldevi (3)-Mothkur,Other",1,35,"0,0,0,0,0,0,0,0,0,0,0,0,0,0,0,0,0,0,0,0,0,0,0,0,0,0,0,0,0,0,0,0,0,0,0,0",NULL,NULL,Y
88418,106192.97,VILLAGE,15,"1-Yadagirigutta (16)-Town,2-Mallapur (4)-Yadagirigutta,3-Vanga Palle(4)-Yadagirigutta,4-Motakondur (6)-Yadagirigutta,5-Kollur (5)-Alair,6-Sharajipet (3)-Alair,7-Alair (19)-Town,8-Kolanpaka (9)-Alair,9-Raghunathpur (5)-Rajapet,10-Rajapet (5)-Rajapet,11-Pamukunta (5)-Rajapet,12-Gandamalla  (3)-Turkapalle_m,13-Cheekati mamidi (6)-Bommalaramaram,14-Bommala Ramaram (4)-Bommalaramaram,15-Mariyal (3)-Bommalaramaram,16-Chada (8)-Atmakur_m,17-Pallerla (3)-Atmakur_m,18-Athmakur  (6)-Atmakur_m,19-Velmajala(3)-Gundala,20-Gundala (4)-Gundala,21-Kandagatla(5)-Atmakur_s,22-Patherla Pahad (5)-Atmakur_s,23-Atmakur-s(6)-Atmakur_s,Other",1,23,"0,0,0,0,0,0,0,0,0,0,0,0,0,0,0,0,0,0,0,0,0,0,0,0",NULL,NULL,Y
88419,106192.98,VILLAGE,15,"1-Jangaon Municipality(53)-Town,2-Pembarthy (5)-Jangaon,3-Wadlakonda (4)-Jangaon,4-Ganugupahad (3)-Jangaon,5-Ganugupahad (3)-Jangaon,6-Bachannapeta (7)-Bachannapeta,7-Pochannapet(5)-Bachannapeta,8-Chinnaramancherla(4)-Bachannapeta,9-Konne(3)-Bachannapeta,10-Mustyal(6)-Cherial,11-Cherial(17)-Cherial,12-Kadaverugu(6)-Cherial,13-Komuravelly (4)-Cherial,14-Akunur (5)-Cherial,15-Maddur (4)-Maddur,16-Ladnoor(3)-Maddur,17-Rebarthy(3)-Maddur,18-Kondapur (4)-Maddur,19-Tharigoppula (6)-Narmetta,20-Veldanda (5)-Narmetta,21-Narmetta (9)-Narmetta,22-Machupahad(4)-Narmetta,Other",1,22,"0,0,0,0,0,0,0,0,0,0,0,0,0,0,0,0,0,0,0,0,0,0,0",NULL,NULL,Y
88420,106192.99,VILLAGE,15,"1-Ghanpur (13)-Town,2-Shivunipally (7)-Ganpur_stn,3-Zaffergadh (6)-Zaffergadh,4-Uppugal (5)-Zaffergadh,5-Kunur (4)-Zaffergadh,6-Venkatapur (5)-Zaffergadh,7-Peddapendyala(8)-Dharmasagar,8-Dharmasagar(10)-Town,9-Narayanagiri (5)-Dharmasagar,10-Velair (10)-Dharmasagar,11-Peechara (5)-Dharmasagar,12-Thatikonda (5)-Ganpur_stn,13-Chagal (5)-Ganpur_stn,14-Ippagudem (8)-Ganpur_stn,15-Kanchanpally (7)-Raghunathpalle,16-Raghunathapally (6)-Raghunathpalle,17-Quilashapur(4)-Raghunathpalle,18-Nellutla (8)-Lingalaghanpur,19-Kundaram (5)-Lingalaghanpur,20-Lingalaghanpur (3)-Lingalaghanpur,21-Kallem (3)-Lingalaghanpur,Other",1,21,"0,0,0,0,0,0,0,0,0,0,0,0,0,0,0,0,0,0,0,0,0,0",NULL,NULL,Y
88421,106192.100,VILLAGE,15,"1-Palakurthi(8)-Town,2-Thorrur(20)-Thorrur,3-Gudur(7)-Palakurthi,4-Bommera(5)-Palakurthi,5-Konduru(4)-Raiparthy,6-Rayaparthi(8)-Town,7-Mylaram(4)-Raiparthy,8-Perikaid(4)-Raiparthy,9-Ammapur(6)-Thorrur,10-Nancharimadur(4)-Thorrur,11-Velikatte(5)-Thorrur,12-Sannur(4)-Raiparthy,13-Authapuram(5)-Kodakandla,14-Mallampally(4)-Palakurthi,15-Dardepally(6)-Palakurthi,16-Madhapuram(5)-Devaruppala,17-Kadavendi(7)-Devaruppala,18-Devaruppula(6)-Devaruppala,19-Kodakondla(9)-Kodakandla,20-Mondrai(6)-Kodakandla,21-Laxmakkapalli(5)-Kodakandla,Other",1,21,"0,0,0,0,0,0,0,0,0,0,0,0,0,0,0,0,0,0,0,0,0,0",NULL,NULL,Y
88422,106192.101,VILLAGE,15,"1-Dornakal (15)-Town,2-Mannegudem (7)-Dornakal,3-Kampalli (4)-Kuravi,4-Seerole (5)-Kuravi,5-Perumandla Sankisa (5)-Dornakal,6-Chilkodu (5)-Dornakal,7-Kannegundla (4)-Dornakal,8-Vennaram (4)-Dornakal,9-Chinnagudur (4)-Maripeda,10-Balapala (4)-Kuravi,11-Gollacherla (6)-Dornakal,12-Gundrathimadugu (7)-Kuravi,13-Korivi (8)-Kuravi,14-Yellampet (6)-Maripeda,15-Veeraram (5)-Maripeda,16-Anepuram (5)-Maripeda,17-Maripeda(18)-Town,18-Thallaookal (4)-Maripeda,19-Thanamcherla (5)-Maripeda,20-Mulkalapally (3)-Dornakal,21-Ravigudem (2)-Dornakal,Other",1,21,"0,0,0,0,0,0,0,0,0,0,0,0,0,0,0,0,0,0,0,0,0,0",NULL,NULL,Y
88423,106192.102,VILLAGE,15,"1-Vemnur (5)-Mahabubabad,2-Penugonda (5)-Kesamudram,3-Apparajpally (4)-Gudur,4-Damaravancha (3)-Gudur,5-Gudur (12)-Gudur,6-Ponugodu(5)-Gudur,7-Gundenga(5)-Gudur,8-Kesamudram (13)-Kesamudram,9-Kalwala (5)-Kesamudram,10-Mahamoodpatnam(5)-Kesamudram,11-Inugurthy (9)-Kesamudram,12-Mecharajpally (4)-Nellikudur,13-Yerrabelligudem(4)-Nellikudur,14-Nellikudur(5)-Nellikudur,15-Chinnamupparam (5)-Nellikudur,16-Alair (4)-Nellikudur,17-Amangal (4)-Mahabubabad,18-Shanigapuram (4)-Mahabubabad,19-Mahabubabad(41)-Town,20-Jamandlapalli (5)-Mahabubabad,21-Kambalapalli (5)-Mahabubabad,22-Dhansari (4)-Kesamudram,23-Thallapusapally (4)-Kesamudram,Other",1,23,"0,0,0,0,0,0,0,0,0,0,0,0,0,0,0,0,0,0,0,0,0,0,0,0",NULL,NULL,Y
88424,106192.103,VILLAGE,15,"1-Muthojipet (5)-Narsampet,2-Itikalapally (5)-Narsampet,3-Medapally (3)-Nallabelly,4-Rudragudem (3)-Nallabelly,5-Nallabelli (6)-Nallabelly,6-Duggondi (5)-Duggondi,7-Mandapally (4)-Duggondi,8-Thimmampet (4)-Duggondi,9-Banjipet (5)-Narsampet,10-Madannapet (4)-Narsampet,11-Narsampet Census Town(31)-Town,12-Khanapur(8)-Khanapur,13-Budharaopet(7)-Khanapur,14-Chennaraopet (6)-Chennaraopeta,15-Maheshwaram (6)-Narsampet,16-Gurijala (6)-Chennaraopeta,17-Upparapally (5)-Chennaraopeta,18-Ameenabad (10)-Chennaraopeta,19-Chandrugonda (6)-Nekkonda,20-Nekkonda (8)-Nekkonda,21-Appalraopet (4)-Nekkonda,22-Redlawada (6)-Nekkonda,23-Appalraopet (4)-Nekkonda,24-Alankanipet (4)-Nekkonda,Other",1,24,"0,0,0,0,0,0,0,0,0,0,0,0,0,0,0,0,0,0,0,0,0,0,0,0,0",NULL,NULL,Y
88425,106192.104,VILLAGE,15,"1-Parkal(22)-Town,2-Madharam (5)-Parkal,3-Nagaram (4)-Parkal,4-Narlapur (4)-Parkal,5-Kantathmakur (5)-Parkal,6-Oorugonda (6)-Atmakur,7-Atmakur(10)-Town,8-Neerukulla (5)-Atmakur,9-Peddapur (8)-Atmakur,10-Elkurthy (4)-Geesugonda,11-Geesukonda (5)-Geesugonda,12-Vanchanagiri (4)-Geesugonda,13-Pallariguda (5)-Sangem,14-Mondrai(4)-Sangem,15-Elguru Rangampet(5)-Sangem,16-Damera (5)-Atmakur,17-Rayaparthy (6)-Parkal,18-Gavicharla (5)-Sangem,19-Sangem (6)-Sangem,20-Vishwanath Pur (5)-Geesugonda,21-Cherlapally (4)-Parkal,22-Vellampally (4)-Parkal,23-Penchikalapeta (3)-Atmakur,24-Mustalapally (3)-Atmakur,Other",1,24,"0,0,0,0,0,0,0,0,0,0,0,0,0,0,0,0,0,0,0,0,0,0,0,0,0",NULL,NULL,Y
88426,106192.105,VILLAGE,15,"1-Warangal (M Corp.) - Ward No.2(64)-WARANGAL WEST,2-Warangal (M Corp.) - Ward No.5(22)-WARANGAL WEST,3-KAZIPET(1)-WARANGAL WEST,4-REDDY COLONY(1)-WARANGAL WEST,5-BAPUJI NAGAR(1)-WARANGAL WEST,6-KAZIPET (JA)(1)-WARANGAL WEST,7-SUBEDARI(1)-WARANGAL WEST,8-NAIMNAGAR(1)-WARANGAL WEST,9-RAMANNAPET(1)-WARANGAL WEST,10-VIDYARANYAPURI(1)-WARANGAL WEST,11-EXCISE COLONY(1)-WARANGAL WEST,12-JULY WADA(1)-WARANGAL WEST,13-KAPU WADA(1)-WARANGAL WEST,14-KOTHUR(1)-WARANGAL WEST,15-MACHILIBAZAR(1)-WARANGAL WEST,16-WADDEPALLY(1)-WARANGAL WEST,17-BALASAMUDRAM(1)-WARANGAL WEST,18-GOKUL NAGAR(1)-WARANGAL WEST,19-HANUMAN NAGAR(1)-WARANGAL WEST,20-NAKKALAGUTTA(1)-WARANGAL WEST,21-K L N REDDY COLONY(1)-WARANGAL WEST,22-KAPUWADA(1)-WARANGAL WEST,23-KUMAR PALLY(1)-WARANGAL WEST,24-LASHKAR BAZAR(1)-WARANGAL WEST,Other",1,24,"0,0,0,0,0,0,0,0,0,0,0,0,0,0,0,0,0,0,0,0,0,0,0,0,0",NULL,NULL,Y
88427,106192.106,VILLAGE,15,"1-Kothawada(72)-WARANGAL EAST,2-SHIVANAGAR(58)-WARANGAL EAST,3-URSU(19)-WARANGAL EAST,4-FORT WARANGAL(18)-WARANGAL EAST,5-KAREEMABAD(16)-WARANGAL EAST,6-KASHIBUGGA(16)-WARANGAL EAST,7-MATTEWADA(15)-WARANGAL EAST,8-GIRMAJIPET(13)-WARANGAL EAST,9-Desaipet(13)-WARANGAL EAST,10-RANGASAIPET(10)-WARANGAL EAST,11-YELLAM BAZAR(10)-WARANGAL EAST,12-L.B NAGAR(8)-WARANGAL EAST,13-FORT ROAD(7)-WARANGAL EAST,14-CHINTHAL(2)-WARANGAL EAST,15-GOVINDARAJULA GUTTA(1)-WARANGAL EAST,16-SHAMBUNIPET(1)-WARANGAL EAST,17-L.B. NAGAR(1)-WARANGAL EAST,18-A.J MILLS COLONY(1)-WARANGAL EAST,19-ABBANIKUNTA(1)-WARANGAL EAST,20-CHAR BOULI(1)-WARANGAL EAST,21-PERUKAWADA(1)-WARANGAL EAST,22-PUPPALAGUTTA(1)-WARANGAL EAST,23-URUS(1)-WARANGAL EAST,24-CHARBOULI(1)-WARANGAL EAST,Other",1,24,"0,0,0,0,0,0,0,0,0,0,0,0,0,0,0,0,0,0,0,0,0,0,0,0,0",NULL,NULL,Y
88428,106192.107,VILLAGE,15,"1-Mulug (13)-Town,2-Mallampally(9)-Mulug,3-Incherla(7)-Mulug,4-Laxmidevipet(7)-Venkatapur,5-Venkatapur(12)-Venkatapur,6-Chalvai(7)-Govindaraopet,7-Laknavaram(7)-Govindaraopet,8-Rampur(6)-Govindaraopet,9-Tadvai(3)-Thadvai,10-Katapuram(4)-Thadvai,11-Mangapet(4)-Mangapet,12-Kamalapur(12)-Mangapet,13-Akulavari Ghanpur(6)-Eturunagaram,14-Buttaigudem(3)-Eturunagaram,15-Ramannagudem(2)-Eturunagaram,16-Eturnagaram(9)-Town,17-Pathrapuram(2)-Venkatapuram,18-Mallur(4)-Mangapet,19-Thimmampet(4)-Mangapet,20-Ootai(4)-Kothaguda,21-Vellubally(3)-Kothaguda,22-Pogallapally(3)-Kothaguda,23-Narlapur(2)-Thadvai,24-Kothaguda(5)-Town,Other",1,24,"0,0,0,0,0,0,0,0,0,0,0,0,0,0,0,0,0,0,0,0,0,0,0,0,0",NULL,NULL,Y
88429,106192.108,VILLAGE,15,"1-Bhupalpalle Census Town(43)-Town,2-Gorlaveedu(5)-Bhupalpalli,3-Nagaram(4)-Bhupalpalli,4-Kotha Pally-sm(3)-Bhupalpalli,5-Azam Nagar(3)-Bhupalpalli,6-Kamalapur(3)-Bhupalpalli,7-Shayampet(7)-Shayampet,8-Koppula(6)-Shayampet,9-Pathipaka(5)-Shayampet,10-Peddakodepaka(4)-Shayampet,11-Katrepalli(4)-Shayampet,12-Chityal(6)-Chityal,13-Jookel(6)-Chityal,14-Chellagarige(5)-Chityal,15-Jadalpet(4)-Chityal,16-Nawabpet(4)-Chityal,17-Chelpur(9)-Ghanapur_mulug,18-Dharmaraopet(8)-Ghanapur_mulug,19-Ghanpur-m(8)-Ghanapur_mulug,20-Issipet(5)-Mogullapalli,21-Mogullapally(4)-Mogullapalli,22-Rangapor(4)-Mogullapalli,23-Gorikothapally(7)-Regonda,24-Chinakodapaka(6)-Regonda,Other",1,24,"0,0,0,0,0,0,0,0,0,0,0,0,0,0,0,0,0,0,0,0,0,0,0,0,0",NULL,NULL,Y
88430,106192.109,VILLAGE,15,"1-Mulug (13)-Town,2-Mallampally(9)-Mulug,3-Incherla(7)-Mulug,4-Laxmidevipet(7)-Venkatapur,5-Venkatapur(12)-Venkatapur,6-Chalvai(7)-Govindaraopet,7-Laknavaram(7)-Govindaraopet,8-Rampur(6)-Govindaraopet,9-Tadvai(3)-Thadvai,10-Katapuram(4)-Thadvai,11-Mangapet(4)-Mangapet,12-Kamalapur(12)-Mangapet,13-Akulavari Ghanpur(6)-Eturunagaram,14-Buttaigudem(3)-Eturunagaram,15-Ramannagudem(2)-Eturunagaram,16-Eturnagaram(9)-Town,17-Pathrapuram(2)-Venkatapuram,18-Mallur(4)-Mangapet,19-Thimmampet(4)-Mangapet,20-Ootai(4)-Kothaguda,21-Vellubally(3)-Kothaguda,22-Pogallapally(3)-Kothaguda,23-Narlapur(2)-Thadvai,24-Kothaguda(5)-Town,Other",1,24,"0,0,0,0,0,0,0,0,0,0,0,0,0,0,0,0,0,0,0,0,0,0,0,0,0",NULL,NULL,Y
88431,106192.110,VILLAGE,15,"1-Aswapuram(12)-Town,2-Manuguru(27)-Town,3-Bayyaram(7)-Pinapaka,4-Janampeta(6)-Pinapaka,5-SamathMothe(5)-Pinapaka,6-Uppaka(4)-Pinapaka,7-Singireddypalli(4)-Pinapaka,8-Nellipaka(6)-Aswapuram,9-Ammagaripalli(4)-Aswapuram,10-Gondigudem(4)-Aswapuram,11-Pamalapali(3)-Aswapuram,12-Sarapaka(23)-Burgampadu,13-Burgampad(11)-Burgampadu,14-Morampallibanjar(8)-Burgampadu,15-Nagineniprolu(7)-Burgampadu,16-Markodu(6)-Gundala,17-Gundala(5)-Gundala,18-Kachanapalli(3)-Gundala,19-Allapallai(3)-Gundala,20-Ramanujavaram(11)-Manuguru,21-Mallaram(3)-Manuguru,22-Manuguru(2)-Manuguru,23-Pinapaka(3)-Pinapaka,24-Chirumalla(3)-Pinapaka,Other",1,24,"0,0,0,0,0,0,0,0,0,0,0,0,0,0,0,0,0,0,0,0,0,0,0,0,0",NULL,NULL,Y
88432,106192.111,VILLAGE,15,"1-Yellandu Municipality (36)-Town,2-Sudimalla (17)-Yellandu,3-Pregellapadu (4)-Tekulapalle,4-Bethampudi (27)-Tekulapalle,5-Bodu (5)-Tekulapalle,6-Komraram (6)-Yellandu,7-Rompaid (19)-Yellandu,8-Challasamudram (9)-Yellandu,9-Kambala Palli (3)-Bayyaram,10-Irusulapuram (4)-Bayyaram,11-Mulkanoor (8)-Garla,12-Seripuram (3)-Garla,13-Garla (15)-Town,14-Pocharam (4)-Garla,15-Pulluru (5)-Garla,16-Govindrala (5)-Kamepalle,17-Mucherla (5)-Kamepalle,18-Kamepally (6)-Kamepalle,19-Tekulapalle(27)-Town,20-Ragaboina Gudem (3)-Yellandu,21-Ponnekal (5)-Kamepalle,22-Kotha Peta (3)-Bayyaram,Other",1,22,"0,0,0,0,0,0,0,0,0,0,0,0,0,0,0,0,0,0,0,0,0,0,0",NULL,NULL,Y
88433,106192.112,VILLAGE,15,"1-Khammam Municipality(185)-Town,2-Dhamsalapuram(1)-Khammam,3-Mallepalli(1)-Khammam,4-Manchukonda(1)-Khammam,5-Gollagudem(1)-Khammam,6-KHANAPURAM (HAVELI) (Sri Nagar Colony)(1)-Khammam,7-Pandurangapuram(1)-Khammam,8-Ballepalli(1)-Khammam,9-Raghunadhapalem(1)-Khammam,10-Budidampadu(1)-Khammam,11-Chimmapudi(1)-Khammam,12-EARLAPUDI(1)-Khammam,13-Papatapalli(1)-Khammam,14-Khanapuram (Haveli) (Prashanti Nagar)(1)-Khammam,15-Khanapuram (Haveli) (Rotary Nagar)(1)-Khammam,16-Khanapuram Village(1)-Khammam,17-Khanapuram(Haveli) (Bank Colony)(1)-Khammam,18-Khanapuram(Haveli) (Kaviraj Nagar)(1)-Khammam,19-Khanapuram(Haveli) (VDOs Colony)(1)-Khammam,20-Kothagudem(1)-Khammam,21-Pangidi(1)-Khammam,22-ROTARY NAGAR(1)-Khammam,23-V. Venkatayapalem(1)-Khammam,Other",1,23,"0,0,0,0,0,0,0,0,0,0,0,0,0,0,0,0,0,0,0,0,0,0,0,0",NULL,NULL,Y
88434,106192.113,VILLAGE,15,"1-Gudimalla(7)-Khammam_rural,2-TallamPadu(7)-Khammam_rural,3-Edulapuram(15)-Khammam_rural,4-MuthaGudem(5)-Khammam_rural,5-M.Venkatayapalem(6)-Khammam_rural,6-Pindiprolu(5)-Thirumalayapalem,7-Beerolu(5)-Thirumalayapalem,8-Chagomma(4)-Kusumanchi,9-Kusumanchi(12)-Kusumanchi,10-Palair(5)-Kusumanchi,11-Nelapatla(9)-Kusumanchi,12-Perikasingaram(4)-Kusumanchi,13-Rajeswapuram(8)-Nelakondapalle,14-Nelakondapally(8)-Nelakondapalle,15-Bodulabanda(5)-Nelakondapalle,16-Patharlapadu(6)-Thirumalayapalem,17-Naikanigudem(4)-Kusumanchi,18-CheruvuMadaram(14)-Nelakondapalle,19-Singareddypalem(4)-Nelakondapalle,20-Kakaravai(6)-Thirumalayapalem,21-Thetallapadu(4)-Thirumalayapalem,22-TeldarPalli(5)-Khammam_rural,Other",1,22,"0,0,0,0,0,0,0,0,0,0,0,0,0,0,0,0,0,0,0,0,0,0,0",NULL,NULL,Y
88435,106192.114,VILLAGE,15,"1-Madhira Census Town(23)-Town,2-Dendukuru (5)-Madhira,3-Siripuram (4)-Madhira,4-Rayapatnam (3)-Madhira,5-Nidanapuram (3)-Madhira,6-Khambampadu (2)-Madhira,7-Ravinuthala- (5)-Bonakal,8-Bonakal(5)-Bonakal,9-Mustikuntla (5)-Bonakal,10-Laxmipuram (4)-Bonakal,11-Nagulavancha (5)-Chinthakani,12-Chinthakani (5)-Chinthakani,13-Patharlapadu (4)-Chinthakani,14-Proddutur (4)-Chinthakani,15-Mudigonda (7)-Mudigonda,16-Vallabhi (6)-Mudigonda,17-Banapuram (5)-Mudigonda,18-Mutharam (4)-Mudigonda,19-Mamunuru (6)-Yerrupalem,20-Yerrupalem (6)-Yerrupalem,21-Banigandlapadu (4)-Yerrupalem,22-Meenavolu (4)-Yerrupalem,23-Motamarri (3)-Bonakal,Other",1,23,"0,0,0,0,0,0,0,0,0,0,0,0,0,0,0,0,0,0,0,0,0,0,0,0",NULL,NULL,Y
88436,106192.115,VILLAGE,15,"1-Somavaram (22)-Wyra,2-Rebbavaram (4)-Wyra,3-Gollapudi (3)-Wyra,4-Siripuram (3)-Wyra,5-Tatipudi (3)-Wyra,6-Papakollu (12)-Julurpad,7-Gundipudi (6)-Julurpad,8-Kakarla (5)-Julurpad,9-Karivarigudem (4)-Julurpad,10-Julurpad (3)-Julurpad,11-Enkoor (6)-Enkuru,12-T.t.l.peta (6)-Enkuru,13-Nacharam (6)-Enkuru,14-Burda Raghavapuram (6)-Enkuru,15-Gubba Gurthi (9)-Konijerla,16-Gopathi (7)-Konijerla,17-Konijerla (7)-Konijerla,18-Thanikella (6)-Konijerla,19-Usirikayalapalli (13)-Singareni,20-Madaram (6)-Singareni,21-Singareni (5)-Singareni,22-Perupalli (5)-Singareni,23-Jannaram (3)-Enkuru,Other",1,23,"0,0,0,0,0,0,0,0,0,0,0,0,0,0,0,0,0,0,0,0,0,0,0,0",NULL,NULL,Y
88437,106192.116,VILLAGE,15,"1-Kallur (16)-Town,2-Siddaram(5)-Sathupalle,3-Rejerla(5)-Sathupalle,4-Pakalagudem(5)-Sathupalle,5-Kakarlapally(5)-Sathupalle,6-Ramagovindapuram(4)-Sathupalle,7-ChinnakoruKondi(5)-Kalluru,8-YerraBoinaPalli(4)-Kalluru,9-Peruvancha(4)-Kalluru,10-Chandrupatla(4)-Kalluru,11-Penuballi(9)-Penuballi,12-Tekulapalli(5)-Penuballi,13-Tallapenta(4)-Penuballi,14-Gouraram(4)-Penuballi,15-Thallada(12)-Thallada,16-Annarugudem(6)-Thallada,17-Mitapally(5)-Thallada,18-Mallavaram(5)-Thallada,19-Vemsoor(14)-Vemsoor,20-Kandukuru(6)-Vemsoor,21-Vennachedu(4)-Vemsoor,22-Kondegatla(4)-Vemsoor,Other",1,22,"0,0,0,0,0,0,0,0,0,0,0,0,0,0,0,0,0,0,0,0,0,0,0",NULL,NULL,Y
88438,106192.117,VILLAGE,15,"1-Laxmidevipally (14)-Town,2-Karukonda (9)-Kothagudem,3-Sarvaram(5)-Kothagudem,4-Singabupalem (6)-Kothagudem,5-Penagadapa(7)-Kothagudem,6-Garmellapad (5)-Kothagudem,7-Chunchupally(20)-Town,8-Regalla (5)-Kothagudem,9-P.suraram (2)-Palawancha,10-Yanambile (4)-Palawancha,11-Vulvanoor (4)-Palawancha,12-Pandurangapuram (5)-Palawancha,13-Somulagudem (3)-Palawancha,14-Nagaram (5)-Palawancha,15-Danthalaboru (3)-Palawancha,16-Sujathanagar(8)-Kothagudem,17-Bangaruchelaka (3)-Kothagudem,18-P.yanambile (4)-Palawancha,19-Toggudem (2)-Palawancha,20-Chathakonda (3)-Kothagudem,21-Seethampeta (3)-Kothagudem,Other",1,21,"0,0,0,0,0,0,0,0,0,0,0,0,0,0,0,0,0,0,0,0,0,0",NULL,NULL,Y
88439,106192.118,VILLAGE,15,"1-Aswaraopeta (18)-Town,2-Peraigudem (7)-Aswaraopeta,3-Gummdavally (4)-Aswaraopeta,4-Narayanapuram (5)-Aswaraopeta,5-Asupaka (4)-Aswaraopeta,6-Thirumalakunta (6)-Aswaraopeta,7-Malkaram (4)-Dammapeta,8-Mandalapalli (5)-Dammapeta,9-Dammapeta (8)-Dammapeta,10-Patwarigudem (5)-Dammapeta,11-Nagupally (7)-Dammapeta,12-Annapureddypally (5)-Chandrugonda,13-Chaparalapally (4)-Mulakalapalle,14-Mulakalapally(7)-Mulakalapalle,15-Pusugudem (6)-Mulakalapalle,16-Thippanapally (5)-Chandrugonda,17-Pokalagudem(4)-Chandrugonda,18-Ganugapaddu (4)-Chandrugonda,19-Chandrugonda (7)-Chandrugonda,20-Peddireddygudem(6)-Chandrugonda,21-Jagannadhapuram (8)-Mulakalapalle,22-Pogallapalli (3)-Mulakalapalle,Other",1,22,"0,0,0,0,0,0,0,0,0,0,0,0,0,0,0,0,0,0,0,0,0,0,0",NULL,NULL,Y
88440,106192.119,VILLAGE,15,"1-Bhadrachalam Town(51)-Town,2-China Bandirevu (2)-Dummugudem,3-Arlagudem (2)-Dummugudem,4-Nadikudi (2)-Dummugudem,5-Dummagudem (3)-Dummugudem,6-Pedanallaballi (2)-Dummugudem,7-Sitanagaram (2)-Dummugudem,8-A.kothagudem(4)-Cherla,9-Kaliveru (2)-Cherla,10-Cherla-g(7)-Cherla,11-Cherla-z(3)-Cherla,12-Kongala (2)-Wazeedu,13-Nagaram (2)-Wazeedu,14-Dharmaram (2)-Wazeedu,15-Ayyavanipata (1)-Wazeedu,16-Peruru (2)-Wazeedu,17-Laxmi Puram (1)-Wazeedu,18-Peddamidisileruz(3)-Cherla,19-Thatigumpu(2)-Cherla,20-Satyanarayanapuram(2)-Cherla,21-Peda Gangaram (2)-Wazeedu,22-T.gommugudem (2)-Cherla,23-Turubaka (2)-Dummugudem,Other",1,23,"0,0,0,0,0,0,0,0,0,0,0,0,0,0,0,0,0,0,0,0,0,0,0,0",NULL,NULL,Y
